(Mekong) giant catfish 	 ປາບຶກ
Accelerated Rural Development	(ARD) 	 ສໍານັກງານເລັງ່ ລັດພັດທະນາຊົນນະບົດ (ສ.ພ.ຊ)
Adjective 	 ຄໍາຄຸນນາມ
Adverb 	 ກິລິຍາວິເສດ
April	(n) 	 ເດືອນເມສາ
August	(n) 	 ເດືອນສິງຫາ
Bank of Agriculture and Co- 	 ທະນາຄານເພື່ອການກະສິກອນ, ທ.ກ.ສ.
Barren land and rocks 	 ເນື້ອທີ່ເປົ່າວ່າງ
Bees	 ເຜີ້ງ
Bench terrace 	 ໄຮ່ພັກຂັ້ນໄດ
Brussels spouts	(spout) 	 ກະລໍ່າດອກ
Cantaloupe 	 ໝາກແຕງລາຍ, ໝາກແຕງໃຫຍ່
Centre	(Community Development) 	 ສູນຊ່ວຍເຫຼອ
Chicken	 ໄກ່
Chief of Cabinet 	 ຫົວໜ້າຫ້ອງການ
Chinese celery 	 ຜັກຕ່າງສ້າຍ	(ແຊລເລີຣີ)
City Hall	(n) 	 ສໍານັກ
Community Development Centre 	 ສູນພັດທະນາຊຸມຊົນ
Cooperation	(CIC) 	 ຄະນະກໍາມະການ ການຮ່ວມມືເສດຖະກິດ
Cow	 ງົວ
Cucumber 	 ໝາກແຕງກົວ
Culvert pipe	(n) 	 ທໍ່ລະບາຍນໍ້າ
Cyperus difformis 	 ຫຍ້າຕູ້ມຫູ
Cyperus iria 	 ຫຍ້າຄົມປາວ ຫຼື ຫຍ້າຮັງກາ
Cyperus rotundus 	 ຫຍ້າແຫ້ວໝູ
December	(n) 	 ເດືອນທັນວາ
Departmant of Agricultural Extension 	 ກົມສົ່ງເສີມກະສິກໍາ
Department	(CD) 	 ກົມພັດທະນາຊຸມຊົນ
Department of Agricultural Extension 	 ກົມສົ່ງເສີມກະສິກໍາ
Department of Forestry 	 ກົມປ່າໄມ້
Department of Health 	 ກົມອະນາໄມ
Department of Higher and 	 ກົມອາຊີວະສຶກ
Department of Highways 	 ກົມທາງຫຼວງ
Department of Livestock 	 ກົມລ້ຽງສັດ
Department of Livestock 	 ກົມລ້ຽງສັດ ແລະ ສັດຕະວະແພດ
Department of Public Welfare 	 ກົມປະຊາສົງເຄາະ
Deputy Director General 	 ຮອງອະທິການບໍດີ, ຮອງອໍານວຍການ
Deputy Director Officer 	 ຜູ້ຮອງເຈົ້າເມືອງ
Deputy Governor 	 ຜູ້ຮອງເຈົ້າແຂວງ
Development 	 ກົມພັດທະນາຊຸມຊົນ
Digitaria ciliaris 	 ຫຍ້າຕີນນົກ
Director	(of Division) 	 ຜູ້ອໍານວຍການ (ຂອງພະແນກ)
Director General 	 ອະທິການບໍດີ 
Director General	(of Departmen) 	 ຫົວໜ້າກົມ, ອະທິບໍດີ
District Agriculture and Forestry Office 	 ຫົວໜ້າຫ້ອງການກະສິກໍາ ແລະ ປ່າໄມ້ ເມືອງ
District C.D. Officer 	 ພັດທະນາກອນຂອງເມືອງ
Echinochloa colona 	 ຫຍ້າເຂົ້ານົກສີຊົມພູ ຫຼື ເອິກເຕົ່າ
Echinochloa crus-galli 	 ຫຍ້າເຂົ້ານົກ
Extension Division 	 ກອງສົ່ງເສີມ ແລະ ເຜີຍແຜ່ການສຶກສາຊຸມຊົນ
Fahrenheit	(n) 	 ອົງສາຟາເຣັນຮາຍ
February	(n) 	 ເດືອນກຸມພາ
Field Crop Experimental Station 	 ສະຖານີທົດລອງພືດໄຮ່ 
Fimbristylis miliacea 	 ຫຍ້າໄຂ່ຂຽດໜວດປາດຸກ
Fish & Small animal Breeding 	 ການສົ່ງເສີມການລ້ຽງປາ ແລະ ສັດນ້ອຍ
Fisheries Station 	 ສະຖານີປະມົງ
Forage Crop Station 	 ສະຖານີພືດອາຫານສັດ
Forest Tree Nursery Center 	 ສູນກ້າເບ້ຍໄມ້
Forestry Office 	 ຫ້ອງການປ່າໄມ້
Friday	(n) 	 ວັນສຸກ
Goat	 ແບ້
Governor	(n) 	 ເຈົ້າແຂວງ
Grass Experiment Station 	 ສະຖານີພືດອາຫານສັດ
Green Revolution 	 ການປະຕິວັດຂຽວ
Guinea grass 	 ຫຍ້າ ກູນີ
Hamil Guinea grass 	 ຫຍ້າ ແຮມີດ
Head	(of Ceneter) 	 ຫົວໜ້າສູນ
Head	(of Station) 	 ຫົວໜ້າສະຖານີ
Head of District Forest Office 	 ຫົວໜ້າຫ້ອງການກະສິກໍາເມືອງ
Head of District Livestock Office 	 ຫົວໜ້າຫ້ອງການລ້ຽງສັດເມືອງ
Head of Provincial Forestry Office 	 ຫົວໜ້າຫ້ອງການປ່ໄມ້ແຂວງ
Head of Provincial Livestock Office 	 ຫົວໜ້າຫ້ອງການລ້ຽງສັດແຂວງ
Health Department Office 	 ຫ້ອງການສາທາລະນະສຸກ
Herd lmprovement Registry	(H.I.R) 	 ທະບຽນປະຫວັດພັນ (ງົວ)
Horse	 ມ້າ
Imperata grass 	 ຫຍ້າຄາ
Integrated Pest Management	(IPM) 	 ການປາບສັດຕູພືດ
Irrigation Research and 	 ສູນຄົ້ນຄວ້າ ແລະ ອອກແບບຊົນລະປະທານ
Java plum 	 ໝາກຫ້າວ
July	(n) 	 ເດືອນກໍລະກົດ
June	(n) 	 ເດືອນມິຖຸນາ
Land-survey	(n) 	 ການວັດແທກເນື້ອທີ່ດິນ
Lao Women’s Union 	 ສະຫະພັນແມ່ຍິງລາວ
Large Animal Breeding Unit 	 ກອງລ້ຽງສັດໃຫຍ່
Leptochloa chinensis 	 ຫຍ້າດອກຂາວ
Livestock Experiment Station 	 ສະຖານີບໍາລຸງພັນສັດ
Macronutrients	(n) 	 ອາຫານຫຼັກ
Management of irrigation Agriculture 	 ການຈັດການຊົນລະປະທານກະສິກໍາ
March	(n) 	 ເດືອນມີນາ
May	(n) 	 ເດືອນພຶດສະພາ
Mean Annual Rainfall 	 ປະລິນມານນໍ້າຝົນສະເລັ່ຍປະຈໍາປີ
Minister 	 ລັດຖະມົນຕີ
Ministry of Agriculture and Forestry 	 ກະຊວງກະສິກໍາ ແລະ ປ່າໄມ້
Ministry of Commerce and Tourism 	 ກະຊວງການຄ້າ ແລະ ການທ່ອງທ່ຽວ
Ministry of Communication, 	 ກະຊວງຄົມມະນາຄົມ, ໄປສະນີ, ແລະ ກໍ່ສ້າງ
Ministry of Education 	 ກະຊວງສຶກສາທິການ
Ministry of Foreign Affairs 	 ກະຊວງການຕ່າງປະເທດ
Ministry of Industry and Handicrafts 	 ກະຊວງອຸດສາຫະກໍາ ແລະ ຫັດຖະກໍາ
Ministry of Information and Culture 	 ກະຊວງຖະແຫຼງຂ່າວ ແລະ ວັດທະນະທໍາ
Ministry of Justice 	 ກະຊວງຍຸດຕິທໍາ
Ministry of Labour & Social Welfare 	 ກະຊວງແຮງງານ ແລະ ສະຫວັດດີການສັງຄົມ
Ministry of National Defence 	 ກະຊວງປ້ອງກັນປະເທດ
Ministry of Public Health 	 ກະຊວງສາທາລະນະສຸກ
Ministry of Publice Security 	 ກະຊວງປ້ອງຄວາມສະງົບ
Monday 	 ວັນຈັນ
Monochoria vaginalis 	 ຜັກອີ່ຮີນ
Napier grass 	 ຫຍ້າ ເນເປຍ, ຫຍ້າຂົນ
National Biodiversity Conservation 	 ປ່າສະຫງວນແຫ່ງຊາດ
Newcastle disease 	 ໂລກນິວຄາສເຊິນ	(ຂອງໄກ່, ນົກ)
Noun 	 ຄໍານາມ 
November	(n) 	 ເດືອນພະຈິກ
October	(n) 	 ເດືອນຕຸລາ
Office of the Prime Minister 	 ສໍານັກງານນາຍົກ
Operation Division 	 ກອງປະຕິບັດການ
Orchard Crop Experimental Station 	 ສະຖານີທົດລອງພືດສວນ
Oryza sativa 	 ຫຍ້າເຂົ້າແດງ
Plant	 ພືດ
Plant Protection Division 	 ກອງປ້ອງກັນ ແລະ ກໍາຈັດສັດຕູພືດ
Plant Protection Unit 	 ໜ່ວຍປ້ອງກັນ ແລະ ກໍາຈັດສັດຕູພືດ
Prime Minister	(n) 	 ນາຍຍົກລັດຖະມົນຕີ
Provincial Agriulture and 	 ພະແນກກະສິກໍາ ແລະ ປ່າໄມ້ແຂວງ
Provincial Forestry Office 	 ຫ້ອງການປ່າໄມ້ແຂວງ
Provincial court house 	 ສານແຂວງ
Provincial headquarters 	 ຫ້ອງການປົກຄອງແຂວງ
Research and Evaluation Division 	 ກອງຄົ້ນຄວ້າ ແລະ ປະເມີນຜົນ
Rice plant	 ຕົ້ນເຂົ້າ
Saturday	(n) 	 ວັນເສົາ
September	(n) 	 ເດືອນກັນຍາ
Siratro 	 ຖົ່ວ ຊີລາໂຕ
Sphenoclea zeylanica 	 ຜັກປອດ
Sunday	(n) 	 ວັນອາທິດ
Thursday	(n) 	 ວັນພະຫັດ
Tools	 ເຄື່ອງມື
Top-down planning management	(n) 	 ການຄຸ້ມຄອງວາງແຜນ “ແຕ່ເທິງລົງລຸ່ມ”
Training Division 	 ກອງຝຶກອົບຮົມ
Tuesday	(n) 	 ວັນອັງຄານ
UXO	(Unexploded Ordnance) 	 ລະເບີດຝັງດິນທີ່ຍັງບໍ່ແຕກ
Under Secretary of Ministry 	 ຫົວໜ້າຫ້ອງການກະຊວງ
Verb 	 ກິລິຍາ 
Weather Forecast Division 	 ພະແນກພະຍາກອນອາກາດ
Wednesday	(n) 	 ວັນພຸດ
abalone	(n) 	 ຫອຍໂຂ່ງ, ຫອຍນາ
abattoir	(n) 	 ໂຮງຂ້າສັດ
abbot	(n) 	 ເຈົ້າອາວາດວັດ
abdomen	(n) 	 ຊ່ວງທ້ອງ
ability	(n) 	 ຄວາມສາມາດ
abort	(v) 	 ແທ້ງ (ແທ້ງລູກ)
abscess	(n) 	 ໄຄ່ບວມ
abscond	(v.) 	 ໜີຢ່າງລັບໆ, ໜີ
absorption	(n) 	 ການດູດຊຶມ
acacia auriculoformis 	 ກະຖິນນະລົງ 
acacia insuavis 	 ຜັກຂະ
accelerate	(v) 	 ເລັ່ງ, ເພີ້ມຄວາມໄວຂື້ນ, ເລັ່ງລັດ
accelerated erosion	(n) 	 ການເຊາະເຈື່ອນທີ່ໄວ
accentuate	(v) 	 ຢໍ້າ, ເໜັ້ນໜັກ
accident	(n) 	 ອຸປະຕິເຫດ
accounts 	 ບັນຊີ
accumulate	(v) 	 ສະສົມ
acid	(n, adj) 	 ທາດກົດ, ອາຊິດ
acid rain 	 ຝົນກົດ, ຝົນເປັນກົດ
acid soil 	 ດິນເປັນກົດ, ດິນກົດ
acidic soil	(laymen’s term) 	 ດິນສົ້ມ
acidic soil	(technical term) 	 ດິນເປັນກົດ
acute	(adj) 	 ຮຸນແຮງ, ສາຫັດ, ແຫຼມ (ສຽງ)
adapt	(v) 	 ດັດແປງ, ດັດປັບ
adaptable	(adj) 	 ດັດແປງໄດ້, ປັບໄດ້
adjust	(v) 	 ດັດແປງ, ຈັດເຂົ້າລະບຽບ, ປັບປຸງ
administration	(n) 	 ການບໍລິຫານ
advantage	(n, v) 	 ການໄດ້ປຽບ, ເປັນປະໂຫຍດ, ໃຫ້ຜນ
advice 	 ຄໍາແນະນໍາ
advice	(n) 	 ຄໍາແນະນໍາ
advise	(v) 	 ແນະນໍາ
advise	(v.) 	 ແນະນໍາ
adviser	(n) 	 ຜູ້ແນະນໍາ
adze 	 ຈົກ	(ຈົກໃຊ້ຂຸດດິນ)
aerial	(photograph) (n) 	 ທາງອາກາດ (ພາບຖ່າຍທາງອາກາດ)
aerobic	(n) 	 ສັດ ຫຼື ພືດທີດ
aerobic rice 	 ເຂົ້າທົນແລ້ງ
aeroplane	(n) 	 ເຮືອບິນ, ຍົນ
affect	(v) 	 ຜົນສະທ້ອນ
afford	(v) 	 ມີໃຫ້, ສາມາດໃຫ້ໄດ້
after	(adj) 	 ຫຼັງຈາກນັ້ນ
age	(n) 	 ອາຍຸ
age-old	(adj) 	 ເກົ່າແກ່
agency	(n) 	 ຕົວແທນຈໍາໜ່າຍ
agenda	(n) 	 ວາລະກອງປະຊຸມ
agent	(n) 	 ຕົວແທນ
agrarian	(adj) 	 ກ່ຽວກັບໄຮ່ນາ ແລະ ທີ່ດິນ
agrarian reform 	 ການປະຕິຮູບທີ່ດິນ
agrarian reform	(n) 	 ການປະຕິຮູບທີ່ດິນ
agri-siviculture 	 ການກະສິກໍາ ແລະ ປ່າໄມ້
agricultural extension 	 ການສົ່ງເສີມກະສິກໍາ
agricultural extension agent 	 ນັກວິຊາການສົ່ງເສີມກະສິກໍາ
agricultural officer 	 ພະນັກງານກະສິກໍາ
agricultural policy	(n) 	 ນະໂຍບາຍດ້ານກະສິກໍາ
agricultural subsidy 	 ເງິນອຸດໜູນໃຫ້ແກ່ກະສິກໍາ
agriculturalist 	 ຊ່ຽວຊານດ້ານກະສິກໍາ
agriculture	(n) 	 ການກະສິກໍາ ແລະ ການປູກຝັງ
agriltrist	(n) 	 ນັກກະສິກໍາ
agro-ecosystem	(n) 	 ລະບົບນິເວດກະສິກໍາ
agro-forestry	(n) 	 ການກະສິກໍາ-ປ່າໄມ້
agroforestry model 	 ຕົວແບບຂອງລະບົບກະສິກໍາ ແລະ ປ່າໄມ້
agronomist	(n) 	 ນັກກະເສດ
air	(n,v) 	 ອາກາດ, ໃຫ້ອາກາດ
air pump	(n) 	 ເຄື່ອງເປົ່າລົມ, ປໍ້າລົມ
air-layered tree 	 ການຕອນກິ່ງ
air-layering 	 ການຕິດຕາ
algae	(n) 	 ສີໄຄນໍ້າ (ພືດທະເລຊະນິດໜຶ່ງ)
alive	(adj) 	 ມິຊີວິດ
alkali	(n) 	 ດ່າງ, ເປັນດ່າງ
alkaline soil 	 ດິນກະດ້າງ
alkaline soil 	 ດິນດ່າງ
alkalinity 	 ດິນດັ່ງ
allergy	(n) 	 ແພ້ (ແພ້ຢາ, ອາກາດ ຫຼື ອາຫານ)
alleviate	(v) 	 ຫຼຸດຜ່ອນ
alley cropping/farming 	 ໄຮ່ແຖວ
allocate	(v) 	 ແບ່ງປັນ
allot	(v) 	 ແຈກ, ແບ່ງປັນ
allotment	(n) 	 ການແຈກຈ່າຍ, ການແບ່ງປັນ (ທີ່ດິນ)
alluvial soil	(n) 	 ດິນຜຸຜຸ່ຍ
alluvium	(n) 	 ຂີ້ດິນ ຫຼື ດິນຊາຍທີ່ຖືກທັບຖົມຫຼັງຈາກນໍ້າຖ້ວມ
alter	(v) 	 ດັດແປງ
alternately	(adv) 	 ສັບປ່ຽນ, ສະລັບກັນ 
alternative	(n) 	 ທາງເລືອກ 
altitude	(n) 	 ໄລຍະສູງ, ຄວາມສູງ
aluminum toxicity 	 ສານພິດຂອງທາດອະລູມີນຽມ
ameliorate	(v) 	 ຊ່ວຍເຫຼືອ, ສົງເຄາະ
amoeba, ameba 	 ເຊື້ອອາມິບາ
among	(pre) 	 ລະຫວ່າງ, ໃນໝູ່
anaerobic	(n) 	 ເຊືອ
analize	(v) 	 ວິເຄາະ
analysis	(n) 	 ການວິເຄາະ
angry	(adj) 	 ໃຈຮ້າຍ, ໂມໂຫ
animal	(n) 	 ສັດ
animal husbandry 	 ສັດຕະວະແພດ
animal husbandry person	(n) 	 ສັດຕະວະແພດ
animist	(n) 	 ຜູ້ນັບຖືຜີ
ankle	(n) 	 ຂໍ້ຕີນ
annual crop	(n) 	 ພືດໝຸນວຽນ
annual plant	(n) 	 ໄມ້ລົ້ມລຸກ
annual rings 	 ວົງປີ	(ໃຊ້ໃນການນັບອາຍຸຂອງຕົ້ນໄມ້)
ant 	 ມົດ, ໂຕມົດ
anthrancnose 	 ໂລກແອນແທຣກນົດ
anthrax 	 ໂລກອັນຕະລາຍຊະນິດນືງ່ ຂອງງົວ ແລະ ແກະ
anybody	(n) 	 ໃຜກໍ່ໄດ້
aphid 	 ເພ້ຍອ່ອນ, ເພ້ຍ, ໂຕເພ້ຍ
aphid	(n) 	 ເພ້ຍ, ໂຕເພ້ຍ
apiary 	 ບ່ອນລ້ຽງເຜີ້ງ
apiculture 	 ການລ້ຽງເຜີ້ງ 
apiculture	(n) 	 ການລ້ຽງເຜີ້ງ
apis dorsata, apis cerana, apis florea 	 ເຜີ້ງ, ເຜີ້ງໂກນ, ມິ້ມ
appendix	(n) 	 ໄສ້ຕິ່ງ, ໃສ່ເຫຼືອ
apple 	 ໝາກໂປ່ມ
application	(n) 	 ໃບຄໍາຮ້ອງ, ໃບສະເໜີ, ການໃສ່ຝຸ່ນ
approach grafting 	 ການສຽບກິ່ງ
approve	(v) 	 ອະນຸມັດ, ຮັບຮອງ
apricot 	 ໝາກຄາຍເຂົ້າ
aquatic sensitive plant 	 ຜັກກະເສດ
area	(n) 	 ພື້ນທີ່, ຂອບເຂດ
arm	(n) 	 ແຂນ
armywarm 	 ບົ້ງກັດຄໍຮວງ
aroma	(n) 	 ກິ່ນຫອມ, ຫອມ
aromatic rice 	 ເຂົ້າຫອມ
arrangement	(n) 	 ການຈັດໃຫ້ຮຽບຮ້ອຍ
artificial insemination	(n) 	 ການປະສົມພັນທຽມ
artificially inseminate	(v.) 	 ປະສົມພັນທຽມ
ash	(n) 	 ຂີ້ເຖົ່າ, ເຖົ່າຖ່ານ
asparagus 	 ໜໍ່ໄມ້ຝຣ່ັງ
assemble	(v) 	 ປະກອບເຂົ້າກັນ, ຮ່ວມກັນ
assistant	(n) 	 ຜູ້ຊ່ວຍ
attack	(v) 	 ທໍາລາຍ, ໂຈມຕີ
attention	(n) 	 ຄວາມຕັ້ງໃຈ, ຄວາມໃສ່ໃຈ
audit	(n. v.) 	 ການກວດສອບບັນຊີ, ກວດສອບບັນຊີ
automatic	(adj) 	 ອັດຕະໂນມັດ
average	(n) 	 ຄ່າສະເລັ່ຍ, ສະເລັ່ຍ
avocado 	 ໝາກອາໂວກາໂດ
avoid	(v) 	 ຫຼີກລ້ຽງ, ຍົກເວັ້ນ
axe	(n) 	 ຂວານ
axis	(n) 	 ແກນ
azadirachta indica	(neem) 	 ກົກສະເດົາ
back 	 ຫຼັງ
back	(n) 	 ຫຼັງ
back-up	(n) 	 ສະໜັບສະໜູນ
background	(n) 	 ເບື້ອງຫຼັງ, ພື້ນຖານ
bacon	(n) 	 ຊີ້ນໝູເຄັມ
bacteria 	 ເຊື້ອແບັກທີເຣຍ
bacterial leaf bright 	 ພະຍາດຂອບໃບແຫ້ງ 
bad	(adj) 	 ຊົ່ວ
bael fruit 	 ໝາກຕູມ
bait	(v., n.) 	 ໃສ່ເບັດ, ຊິດເບັດ, ເຫຍື່ອ
bakanae and foot root disease 	 ພະຍາດຖອດຝັກ ຫຼື ພະຫຍາດເຫງົ້າເນົ່າ
balance-shet 	 ໃບດຸ່ນດ່ຽງ
balanced	(adj) 	 ສົມດູນ
bale	(n) 	 ຫໍ່, ມ້ວນ, ໂຄ້ງ
balling gun	(n) 	 ເຄື່ອງໃຫ້ຢາສັດ
bamboo	(n) 	 ໄມ້ໄຜ່
bamboo basket 	 ກະຕ່າ
bamboo shoot 	 ໜໍ່ໄມ້
bamboo shots	(n) 	 ໝໍ່ໄມ້
banana 	 ໝາກກ້ວຍ
banana	(n) 	 ກ້ວຍ
banana flower	(n) 	 ໝາກປີ
banana trunk	(n) 	 ຕົ້ນກ້ວຍ
bank 	 ທະນາຄານ
bank	(of river) 	 ແຄມ (ແມ່ນໍ້າ)
bank balance 	 ຈໍານວນບັນຊີທະນາຄານ
bank manager 	 ຜູ້ຈັດການທະນາຄານ
barb 	 ໄລເຜີ້ງ
barb 	 ໜວດປາ, ງ່ຽງປາ
barbecued chicken	(n) 	 ໄກ່ປີ້ງ
barbed wire	(n) 	 ໜາມໝາກຈັບ (ໃຊ້ລ້ອມຮົ້ວ)
bargain	(n, v) 	 ຕໍ່ລາຄາ, ຕໍ່ລອງ
bark	(n) 	 ເປືອກ
bark	(n) 	 ເປືອກ, ເປືອກໄມ້
bark of tree	(n) 	 ເປືອກໄມ້
barley 	 ເຂົ້າບາເລ
barrel	(n) 	 ຖັງ (ໃຊ້ບັນຈຸທາດແຫຼວ)
barren	(adj) 	 ເປັນໝັນ
barren	(adj) 	 ເປັນໝັນ
barrier X	(n) 	 ເຄື່ອງກີດກັ້ນ
barter	(v) 	 ແລກປ່ຽນ
baseline survey	(n) 	 ການສໍາຫຼວດຂໍ້ມູນເບື້ອງຕົ້ນ
basic	(adj) 	 ພື້ນຖານ
basin	(n) 	 ອ່າງນໍ້າ
basket	(n) 	 ກະຕ່າ
basket of rice	(n) 	 ກະບຸງໃສ່ເຂົ້າ
bat 	 ເຈຍ, ໂຕເຈຍ
bat	(n) 	 ໂຕເຈຍ
bath	(n), bathe (v) 	 ອາບນໍ້າ
bay leaves 	 ໃບໄມ້ສີນໍ້າຕານປົນແດງ
beak	(n) 	 ສຽງດັງ, ສົບນົກ
beam	(house) (n) 	 ຂ້າວ (ເຮືອນ)
beam curd	(n) 	 ເຕົ້າຮູ້
bean noodles	(n) 	 ວຸ້ນເສັ້ນ
beans	(n) 	 ພືດປະເພດຖົ່ວ
bear	(v) beat 	 ທຸບຕີ
beater	(loom) (n) 	 ຟືມ (ຟືມຕໍ່າຫູກ)
bed	(plants) (n) 	 ໜານຜັກ
bedbug 	 ເຮືອດ
bee	(see special section) 	 ເຜີ້ງ (ເບີ່ງຢູ່ພາກເຜີ້ງ) 
bee	(see special section) (n) 	 ເຜີ້ງ (ໃຫ້ເບີ່ງໃນພາກພິເສດ)
beef cattle	(n) 	 ງົວພັນຊີ້ນ
beekeeper 	 ຄົນລ້ຽງເຜີ້ງ
beeswax 	 ຂີ້ເຜີ້ງ
beetle 	 ແມງເຕົ່າຄໍາ
beetle	(n) 	 ແມງປີກແຂງ
beets 	 ຫົວບິດ	(ຊື່ຜັກຊະນິດໜື່ງ)
beff cattle 	 ງົວພັນຊີ້ນ
behaviour	(n) 	 ການປະພຶດ
behind	(pre, adv) 	 ທາງຫຼັງ, ຂ້າງຫຼັງ
bell pepper 	 ໝາກເຜັດໃຫຍ່
belly	(n) 	 ທ້ອງ
belt	(n) 	 ສາຍແອວ
bench terreace 	 ຂັ້ນໄດ
bend	(v), bent (adj) 	 ກົ່ງ, ງໍ, ຂົດ
benficial insects	(n) 	 ແມງໄມ້ເປັນປະໂຫຍດ
berry	(n) 	 ໝາກເບີຣີ
betel nut 	 ໝາກ
betel nut	(n) 	 ໝາກຄ້ຽວ, ແກ່ໝາກຄ້ຽວ
betel nut palm 	 ໝາກຄ້ຽວ
between	(per, adv) 	 ລະຫວ່າງ
bevond	(pre, adv) 	 ທັດໄປ, ພຸ້ນ, ເກີນ
bi-annual	(adj) 	 ປີລະສອງຄັ້ງ
bicycle	(adj) 	 ລົດຖີບ
biennial	(adj) 	 ສອງປີຕໍ່ຄັ້ງ
biennial plant	(n) 	 ພືດລົ້ມລຸກ
biennial plant	(n) 	 ພືດສອງລະດູ
bighead carp 	 ປາຫົວໃຫຍ່, ປາເກັດແລບ
bilimbi 	 ໝາກເຟືອງ
bill 	 ໃບເກັບເງີນ, ໃບບິນ
binoculars	(n) 	 ກ້ອງສ່ອງທາງໄກ
bio-bas	(n) 	 ແກັດຊີວະພາບ
biodiversity hotspots	(n) 	 ຈຸດລວມຂອງລະບົບຊີວະນາໆພັນ
biographical system 	 ລະບົບຊີວະກາຍະພາບ
biological control	(n) 	 ການຄຸມທາງດ້ານຊີວະວິທະຍາ
biological diversity	(n) 	 ຄວາມຫຼາກຫຼາຍຂອງຊີວະວິທະຍາ
bioom	(v) 	 ບານ (ດອກໄມ້)
bird	(n) 	 ນົກ
bird flu	(n) 	 ໄຂ້ຫວັດນົກ
bird pepper	(n) 	 ໝາກເຜັດຂີ້ໜູ
birds 	 ນົກ
birth	(n) 	 ການເກີດ
bite	(v) 	 ກັດ
bitter	(adj) 	 ຂົມ
bitter gourd 	 ໝາກຮະ, ໝາກໄຊ່
bitter gourd	(n) 	 ໝາກຮະ, ໝາກຂົນ
black bugs 	 ແມງແຄງດໍາ
black glutinous rice 	 ເຂົ້າກໍ່າ
black pepper 	 ໝາກພິກໄທ
black wax from black bees 	 ຂີ້ສູດ
blacksmith	(n) 	 ຊ່າງຕີເຫຼັກ
blade	(n) 	 ໃບມີດ, ໃບຫຍ້າ
blanket	(n) 	 ຜ້າຫົ່ມ
blast 	 ພະຍາດໃບໄໝ້
blend	(v) 	 ປະສົມ
blind	(adj) 	 ຕາບອດ
blister	(v) 	 ເປັນແຜໜອງ, ໂພງ, ຕຸ່ມ
bloating 	 ໂລກບວມໃນສັດ
block	(v) 	 ກັ້ນ, ກີດຂວາງ, ບັງ
blood	(n) 	 ເລືອດ
bloodline 	 ສາຍເລືອດ, ເສັ້ນເລືອດ, ສາຍພັນ
bloom	(v.) 	 ບານ (ດອກໄມ້)
blossom	(n) 	 ດອກໄມ້
blunt 	 ປູ້, ບໍ່ເຂົ້າ
boar	(n) 	 ພໍ່ພັນໝູ, ໝູໂຕຜູ້
board	(n) 	 ກະດານ
boat	(n) 	 ເຮືອ
bod out	(v) 	 ບົງ, ປູກ 
body	(n) 	 ຮ່າງກາຍ, ຕົວ
bog	(v) 	 ຕິດຕາມ, ຕິດຂັດ
boil	(v) 	 ຕົ້ມ
boiled rice	(n) 	 ເຂົ້າຈ້າວ
bolt 	 ໄລກຽວ	(ໃຊ້ກັບນອດ)
bombie	(n) 	 ລະເບີດຝັງດິນ
bomd	(n) 	 ລະເບີດ, ລູກລະເບີດ
bomd splinter	(n) 	 ສະເກັດລະເບີດ
bones	(n) 	 ກະດູກ
boron toxicity 	 ສານພິດຂອງທາດໂບຣອນ
borrow	(v) 	 ຢືມ, ຂໍຢືມ
borrow	(v.) 	 ກູ້, ຢືມ
botany	(n) 	 ພຶກສາສາດ, ວິຊາພຶກສາສາດ
both of them 	 ທັງສອງ
bottle gourd 	 ໝາກນໍ້າ, ໝາກນໍ້າເຕົ້າ
bottleneck	(n) 	 ພື້ນທີ່ແຄບ, ທາງແຄບ
bottom	(n) 	 ກົ້ນ, ລຸ່ມສຸດ
bottom of hole 	 ກົ້ນຂຸມ, ກົ້ນຫຼຸມ
boundary	(n) 	 ເຂດແດນ
bowl	(n) 	 ຖ້ວຍ
box	(n) 	 ຫີບ, ກ່ອງ
brackish water 	 ນໍ້າຂ້ອນຂ້າງເຄັມ
brain	(n) 	 ສະໝອງ
branch 	 ກິ່ງໄມ້
branch	(n) 	 ກິ່ງ, ງ່າ
branch	(n) 	 ງ່າໄມ້, ກິ່ງໄມ້, ສາຂາ
branch	(of bank) 	 ສາຂາ, ຕົວແທນ
branding iron	(n) 	 ເຫຼັກ (ໃຊ້ໝາຍສັດລ້ຽງ)
breadfruit 	 ໝາກສາເກ
break	(v) 	 ຫຼັກ, ແຕກ
breast	(n) 	 ໜ້າເອິກ, ນົມ
breed	(laymen’s term) (v) 	 ຟັກ, ອົບ (ໄຂ່)
breed	(v) 	 ປະສົມພັນ
breed	(v.) 	 ປະສົມພັນ
breeder seed	(n) 	 ເມັດພັນບໍລິສຸດ
breeding centre	(animal) 	 ສູນຂະຫຍາຍພັນສັດ
breeding station	(animal) 	 ສະຖານີປະສົມພັນສັດ
brick	(n) 	 ດິນຈີ່
brick dust	(n) 	 ດິນຈີ່ຫັກ, ດິນຈີ່ກ້ອນ
bridge	(n) 	 ຂົວ, ສະພານ
brisket 	 ກ້າມເນື້ອເອິກ
broad	(adj) 	 ກວ້າງ
broadcast	(v.) 	 ຫວ່ານ
broccoli 	 ບະຣອກເກີລີ	(ເປັນພືດດອກຫົວສີຂຽວ)
broiler 	 ໄກ່ພັນຊີ້ນ
broiler	(n) 	 ໄກ່ພັນຊີ້ນ
broken	(to be) (adj) 	 ຫຼັກ, ແຕກ, ຂາດ
broken leg 	 ຂາຫັກ
broken rice 	 ເຂົ້າປາຍ, ເຂົ້າປຽນ
broken rice grains 	 ເຂົ້າປາຍ, ເຂົ້າປຽນ
brood	(v.) 	 ກຸກລູກ
brood cell 	 ຊ່ອງຮັງເຜີ້ງສໍາລັບຕົວອ່ອນ
brooder house 	 ຄອກລູກໄກ່
brooding	(n) 	 ການກຸກລູກໄກ່ (ໄກ່)
broom	(n) 	 ຟອຍກວາດ, ໄມ້ກວາດ
brown	(adj) 	 ສີນໍ້າຕານ
brown planthopper 	 ເພ້ຍຈັກຈັ່ນສີນໍ້າຕານ
brown planthoppers 	 ເພ້ຍຈັກຈັ່ນ
brown spot 	 ພະຍາດໃບຈຸດສີນໍ້າຕານ
brucellosis 	 ໂລກແທ້ງຕິດຕໍ່
brursed	(ot be) (adj) 	 ຊໍ້າ, ຂຽວ
brush	(n) 	 ຟອຍ, ປັດ
bucket 	 ຖັງ, ຂຸ
bucket	(n) 	 ຖັງ, ຄຸ
bud	(n,v) 	 ຕາ, ແຕກຕາ
bud	(v.) 	 ອອກດອກ, ແຕກດອກ
budding 	 ການທາບກິ່ງດ້ານຂ້າງ
budding	(n) 	 ການແຕກຕາ (ພືດ)
budget	(n) 	 ງົບປະມານ
budwood	(n) 	 ຕາໄມ້
buffalo 	 ຄວາຍ
buffalo	(n) 	 ຄວາຍ
buffer	(v) 	 ກັນຊົນ
buffer zone	(n) 	 ເຂດກັນຊົນ
build	(v) 	 ສ້າງ, ກໍ່ສ້າງ
buld	(n) 	 ຫົວ (ພືດ)
bull	(n) 	 ງົວ
bulldozer	(n) 	 ລົດຕີນຫຼັກ, ລົດຕີນຂີ້ເຂັບ
bullet	(n) 	 ລູກປືນ
bundle 	 ມັດເຂົ້າ, ຫໍ່
bundle	(v) 	 ມັດ, ຫໍ່
bunds	(n) 	 ຄັນນາ, ຄູກັນນໍ້າ
burn	(v) 	 ຈູດ, ເຜົາ
burned rice husk 	 ຂີ້ເຖົ່າແກບ
bury	(v) 	 ຝັງ
bus	(n) 	 ລົດເມ
bush	(n) 	 ຟຸ່ມໄມ້, ກໍໄມ້ນ້ອຍ
bush fallowing	(n) 	 ການພັກດິນໃຫ້ເປັນປ່າເຫຼົ່າ
business	(n) 	 ທຸລະກິດ, ການຄ້າ
buterfly	(n) 	 ແມງກະເບື້ອ
butter fish 	 ປາຈາລະເມັດ 
butterfly 	 ແມງກະເບື້ອ
buttock	(n) 	 ກົ້ນ, ສະໂພກ, ທ້ອງ (ທະເລ)
button	(n) 	 ກະດຸມເສື້ອ, ປຸ່ມ (ສໍາລັບກົດ)
by slash & burn) 	 ຖາງ ແລະ ຈູດປ່າ
cabbage 	 ກະລໍ່າປີ, ຜັກກະລໍ່າ
cable	(n) 	 ສາຍ (ໄຟຟ້າ, ໂທລະສັບ)
cage	(chicken) 	 ຕຸ້ມ, ຕຸ້ມໄກ່, ຕຸ້ມນົກ
calculate	(v) 	 ຄໍານວນ , ຄິດໄລ່
calf, calves	(n) 	 ລູກງົວ
calliper 	 ເຄື່ອງ ຄ່າລິບເປີ
calve	(v) 	 ອອກລູກ (ງົວ)
calyx	(n) 	 ກີບລ້ຽງ (ຂອງດອກໄມ້)
canal	(n) 	 ຄອງ, ຮ່ອງນໍ້າ
cancel	(v) 	 ຍົກເລີກ
candle	(n) 	 ທຽນໄຂ
candling	(n) 	 ການສ່ອງໄຂ່ (ຄັດເລືອກໄຂ່ທີ່ສົມບູນ)
cap	(n) 	 ຝາຕິດຊ່ອງຮັງເຜີ້ງຕົວອ່ອນ
capital	(n, adj) 	 ເມືອງຫຼວງ, ອັກສອນຕົວໃຫຍ່, ເງິນຕາ
capture	(v) 	 ຈັບ
carambola 	 ໝາກເຟືອງ
cardamom 	 ໝາກແໜ່ງ
care	(v) 	 ດູແລ, ຮັກສາ
care and handling 	 ດູແລ ແລະ ລ້ຽງ
carp 	 ປາໄນ
carpenter	(n) 	 ຊ່າງໄມ້
carrot 	 ຫົວກາຣົດ, ກາຣົດ
carrot	(n) 	 ຫົວກະຣົດ
carry	(v) 	 ແບກ, ຫາບ, ຖື, ຫາມ, ຫີ້ວ
carry back and forth 	 ແບກກັບໄປກັບມາ
cart	(n) 	 ກວຽນ
caseworm 	 ບົ້ງຫໍ່ລໍາຕົວ
cash crop	(n) 	 ພືດເສດຖະກິດ
cashew 	 ຕົ້ນໝາກມ່ວງຫິມະພານ
cashew	(n) 	 ຕົ້ນໝາກມ່ວງຫິມະພານ
cashew nut 	 ແກ່ນໝາກມ່ວງຫິມະພານ
cashew nut 	 ແກ່ນໝາກມ່ວງຫິມະພານ
cashew nut	(n) 	 ແກ່ນໝາກມ່ວງຫິມະພານ
cassava 	 ມັນຕົ້ນ
cassava	(tapioca) (n) 	 ມັນຕົ້ນ
cassia siamea 	 ຂີ້ເຫຼັກບ້ານ
cast a net 	 ຫວ່ານແຫ
castor bean 	 ຫຸ່ງສາ
castor bean	(n) 	 ຖົ່ວຫຸ່ງສາ
castrate	(v) 	 ຕອນ (ສັດ)
castrate	(v) 	 ຕອນ (ສັດ)
casualty	(n) 	 ການບາດເຈັບ ແລະ ການຕາຍດ້ວຍອຸປະຕິເຫດ
casuarina junghuniana 	 ຕົ້ນສົນປະດິພັດ
casuarinas equisetifolia 	 ຕົ້ນສົນທະເລ
catastrophe	(v) 	 ຄວາມຫາຍຍະນະ
catch	(v) 	 ຈັບ
catch crop	(n) 	 ພືດລໍ້
catchment	(n) 	 ອ່າງໂຕ່ງ
catchment area	(rain) 	 ບໍລິເວນເກັບນໍ້າຝົນທີ່ເປັນແຫຼ່ງທໍາມະຊາດ
catchment pond, reservoir 	 ອ່າງເກັບນໍ້າ
categorize	(v) 	 ຈັດລໍາດັບ, ຈັດກຸ່ມ
cater for	(v) 	 ສະໜອງ, ຫາໃຫ້
caterpillar 	 ດ້ວງແມງກະເບື້ອ
catfish 	 ປາດຸກ
cattle 	 ງົວ
cattle	(n) 	 ງົວ (ມ້າ, ແກະ)
cauliflower 	 ກະລໍ່າດອກ, ຜັກກາດນາ, ດອກກະລໍ່າປີ
cauliflower	(n) 	 ກະລໍ່າດອກ
cause	(n,v) 	 ສາຍເຫດ, ເຮັດໃຫ້, ເປັນເຫດໃຫ້
caution	(n) 	 ຄວາມລະວັງ
cealed 	 ຊ່ອງປິດມີດັກແດ້ຢູ່ໃນ
ceiling	(n) 	 ເພດານ
celery 	 ຜັກແຊລເລຣີ
celery	(n) 	 ຜັກເຊເລີຣີ
cell with the egg in it 	 ຊ່ອງຮັງເຜີ້ງມີໄຂ່ຢູ່ໃນ
cement	(n) 	 ຊີມັງ
center	(n) 	 ສູນ, ສູນກາງ
centigrade	(n) 	 ອົງສາເຊ
centipede 	 ຂີ້ເຂັບ
centipede	(n) 	 ຂີ້ເຂັບ
cereal	(n) 	 ເຂົ້າຊະນິດຕ່າງໆ
ceremony	(n) 	 ພິທີ, ພິທີສະຫຼອງ
certificate	(n) 	 ໃບປະກາດ
certified seed	(n) 	 ເມັດພັັນຢັ້ງຢືນ
cess-pit	(n) 	 ຂຸມຮັບຂອງສົກກະປົກ, ຖັງວິດ
chain	(n) 	 ສາຍໂສ້
change	(v) 	 ປ່ຽນ
channel	(n) 	 ເໝືອງ, ຮ່ອງນໍ້າ
characteristic	(adj, n) 	 ຄຸນລັກສະນະ
characteristics	(n) 	 ລັກສະນະ
charcoal 	 ຖ່ານ
charcoal production 	 ການເຜົາກຖ່ານ
check, control 	 ຕົວຢືນ, ຕົວປຽບທຽບ
cheep 	 ແກະ
chemical	(adj) 	 ເຄມີ
chemical fertilizer 	 ຝຸ່ນເຄມີ
chemical residue 	 ສານເຄມີ
cheque 	 ໃບຈ່າຍເງີນ, ເຊັກເງີນ
chest 	 ເອິກ
chest	(n) 	 ເອິກ, ໜ້າເອິກ
chew	(v) 	 ຄ້ຽວ, ຫຍໍ້າ
chick	(n) 	 ລູກໄກ່
chicken	(n) 	 ໄກ່
chicken comb	(n) 	 ຫອນໄກ່
child labour 	 ແຮງງານເດັກນ້ອຍ
chili 	 ໝາກເຜັດ, ໝາກເຜັດຂີ້ໜູ
chill	(n) 	 ຄວາມໜາວເຢັນ
chinese cabbage 	 ຜັກກາດຂາວ
chinese carp 	 ປາຈີນ
chinese chive 	 ຜັກແປ້ນ
chinese coriander 	 ຜັກຊີ
chinese kale, collard 	 ຜັກກາດນາ
chinese peas, sweet peas 	 ຖົ່ວລັນເຕົາ
chinese radish 	 ຫົວຜັກກາດຂາວ
chinese star gooseberry 	 ໝາກຍົມ
chisel 	 ສີ່ວ
chisel	(n) 	 ສີ່ວ
chive 	 ຜັກຫອມຈີນ
chlorophyll	(n) 	 ຄລໍໂຣຟີລ, ທາດສີຂຽວໃນຜັກ
cholera	(n) 	 ໂລກອະຫິວາ
choose	(v) 	 ເລືອກ
chop down	(n) 	 ຕັດ, ຮອນ
chrysalis	(n) 	 ດ້ວງ, ດັກແດ້, ໜອນ
chrysalis	(pupa) 	 ດັກແດ້
churn	(n) 	 ຖັງໃສ່ນໍ້ານົມສັດ
cicada 	 ຈັກຈັ່ນ
cinnamon 	 ເຄື່ອງເທດ ຊີນາມອລ
claim	(v) 	 ຮຽກຮ້ອງ, ອ້າງສິດທິ
claw	(n) 	 ເລັບສັດ, ກ້າມກຸ້ງ ແລະ ກະປູ
clay 	 ດິນໜຽວ
clay	(n) 	 ດິນດາກ, ດິນໜຽວ
clean	(adj, n) 	 ສະອາດ, ຄວາມສະອາດ
clear	(v), clearing (n) 	 ຕັດ, ການຕັດໄມ້ທັງໝົດ
clear, clearly	(adj, adv) 	 ຊັດເຈນ, ແຈ້ງຊັດ
clerk	(n) 	 ສະໝຽນ
clever	(adj) 	 ສະຫຼາດ
climate	(n) 	 ອາກາດ, ດິນຟ້າອາກາດ
clod	(n) 	 ກ້ອນດິນ
close	(v, adj) 	 ໃກ້ສິດ, ຖີ່, ອັດ, ປິດ
clothes	(n) 	 ເຄື່ອງນຸ່ງ
clothes-line 	 ຮາວ, ຮາວຕາກເຄື່ອງ
clothes-peg 	 ຂໍໜີບເຄື່ອງ
cloud	(n) 	 ເມກ, ເຝື້ອ
cluster	(n) 	 ກຸ່ມກ້ອນ, ໝູ່, ໂຮມກັນເປັນກຸ່ມ
co-operate	(v) 	 ຮ່ວມມື
coarse	(adj) 	 ຫຍາບ, ບໍ່ກ້ຽງ, ບໍ່ລະອຽດ
coat, fur	(n) 	 ຂົນ, ຂົນສັດ
cobra	(n) 	 ງູເຫົ່າ
cobweb	(n) 	 ໄຍແມງມຸນ
coccidiosis 	 ໂລກບິດໃນໄກ່
cockroach 	 ແມງສາບ, ແມງກະສາບ
coconut 	 ໝາກພ້າວ
coconut 	 ໝາກພ້າວ
coconut	(n) 	 ໝາກພ້າວ
coconut cream	(n) 	 ກະທິໝາກພ້າວ
coconut husk 	 ກາບໝາກພ້າວ
coconut milk	(n) 	 ນໍ້າໝາກພ້າວ
cocoon	(n) 	 ໂຕດັກແດ້
cod 	 ໄຂ່ຫໍາ, ອັນທະ
coffee 	 ກາເຟ
coffee	(n) 	 ກາເຟ
cold 	 ໂລກຫວັດ
collaborate	(v) 	 ຮ່ວມມື
collaborative forest management	(n) 	 ການຈັດສັນປ່າໄມ້ແບບມີສ່ວນຮ່ວມ
collar bone 	 ກະດູກບ່າ
collateral security 	 ສີ່ງຄໍ້າປະກັນ
collect	(v) 	 ເກັບ
collective	(adj) 	 ຮ່ວມກັນ, ໂດຍສ່ວນລວມ
collective ownership	(n) 	 ກໍາມະສິດສ່ວນລວມ
columu	(n) 	 ແຖວ
combine	(n,v) 	 ເຄື່ອງເກັບກ່ຽວພືດ, ລວມເຂົ້າກັນ
commission	(n) 	 ຄ່າທໍານຽມ, ຄ່ານາຍໜ້າ
committee 	 ຄະນະກໍາມະການ
committee	(n) 	 ຄະນະກໍາມະການ
committee member 	 ກໍາມະການ
common carp 	 ປາໄນ
common property	(n) 	 ຊັບສິນສ່ວນລວມ
communal property	(n) 	 ຊັບສິນຊຸມຊົນ
compaction 	 ການອັດແໜ້ນ
compensate	(v) 	 ຊົດເຊີຍ
complain	(v) 	 ຈົ່ມ, ຮ້ອງທຸກ
complete	(v) 	 ສຳເລັດ, ສົມບູນ
complex	(adj) 	 ສັບສົນ
compost, compost fertilizer	(n) 	 ຝຸ່ນໝັກ, ຝຸ່ນທຳມະຊາດ
concentrate	(n) 	 ອາຫານປະສົມ, ຮວມເຂົ້າກັນ
concentrated 	 ເຂັ້ມ, ເຂັ້ມຂຸ້ນ
concerning	(n) 	 ກ່ຽວຂ້ອງກັບ, ຫ່ວງໄຍ
concrete	(n, adj) 	 ຄອນກີດ, ເບຕົງ, ມີຕົວຕົນ
condensery	(n) 	 ໂຮງງານຜະລິດນົມຂຸ້ນ
condition	(n) 	 ເງື່ອນໄຂ
conifer	(n) 	 ຕົ້ນໄມ້
coniferous trees 	 ຕົ້ນແປກ 
conservation core area	(n) 	 ເຂດຫວງຫ້າມໃນເຂດອະນຸລັກ
consist of	(v) 	 ປະກອບດ້ວຍ
consistent	(adj) 	 ບໍ່ປ່ຽນແປງ
construction	(n) 	 ການກໍ່ສ້າງ
consult	(v) 	 ປືກສາ
consumption	(n) 	 ການບໍລິໂພກ
contagious	(adj) 	 ຕິດຕໍ່, ໂລກຕິດຕໍ່
continuity	(n) 	 ຄວາມຕໍ່ເນື່ອງ
continuous cropping	(n) 	 ປູກພືດແບບຕໍ່ເນື່ອງ
contour bunds	(as in broad-based 	 ຄູດິນ
contour farming	(n) 	 ໄຮ່ພັກຂັ້ນໃດ
contract	(n) 	 ສັນຍາ
contribute	(v) 	 ປະກອບສ່ວນ, ຊ່ວຍເຫຼືອ, ສະໜັບສະໜູນ
control	(v) 	 ຄວບຄຸມ, ຄຸມ
controlled lighting	(n) 	 ການບັງຄັບແສງ
convenient	(adj) 	 ສະດວກສະບາຍ
convolvulus	(n) 	 ເຄືອ, ໄມ້ປະເພດເຄືອ
cook	(n, v) 	 ຄົນແຕ່ງກິນ, ແຕ່ງກິນ
cooking banana 	 ກ້ວຍນໍ້າ
cool	(adj) 	 ໜາວ
cooperate	(v) 	 ຮ່ວມມື
cooperation	(n) 	 ການຮ່ວມມື
cooperative	(adj) 	 ສະຫະກອນ
cooperative	(n) 	 ສະຫະກອນ
coordinate	(v) 	 ປະສານງານ
copper	(n) 	 ທາດທອງແດງ
coppice 	 ການເກີດແໜງຈາກຕໍໄມ້
cord 	 ເຊືອກ
coriander 	 ຜັກຫອມປ້ອມ
corn 	 ເຂົ້າໂພດ, ສາລີ
corn	(n) 	 ສາລີ
corn harvester	(n) 	 ເຄື່ອງເກັບກ່ຽວສາລີ
corn, maize 	 ເຂົ້າໂພດ, ສາລີ
corrugated iron	(n) 	 ສັງກະສີ
cosmetic products	(n) 	 ເຄື່ອງສຳອາງ
cost	(n) 	 ລາຄາ
cost of living 	 ຄ່າຄອງຊີບ 
cosult	(v.) 	 ປຶກສາ
cotton 	 ຝ້າຍ
cotton 	 ຝ້າຍ
cotton, raw cotton	(n) 	 ຝ້າຍ, ຝ້າຍດິບ
cotyledon	(n) 	 ໃບລ້ຽງ
cough	(v, n) 	 ເປັນໄອ, ໄອ
count	(v, n) 	 ນັບ
counterpart	(n) 	 ຜູ້ປະສານງານ, ຜູ້ຮ່ວມງານ
country	(n) 	 ປະເທດ, ຊົນນະບົດ
cover	(v) 	 ປົກຄຸມ, ກວມເອົາ
cover crop	(n) 	 ພືດຄຸມດິນ
cover crop	(n) 	 ພືດຄຸມດິນ
cow	(n) 	 ງົວ
cow pea 	 ຖົ່ວຟຸ່ມ
cow pea, black pea 	 ຖົ່ວດໍາ
cow shed	(n) 	 ຄອກງົວ
crab	(n) 	 ກະປູ
crank	(n) 	 ຂໍ້ຫວ່ຽງເຄື່ອງຈັກ
crayfish 	 ກຸ້ງໃຫຍ່ນໍ້າຈືດ
credit 	 ເງີນກູ້, ສິນເຊື່ອ
creditor 	 ເຈົ້າໜີ້
creditor	(n) 	 ເຈົ້າໜີ້, ຜູ້ໃຫ້ຄົນອື່ນຢືມເງີນ
creek	(n) 	 ສາຍນໍ້າ, ຫ້ວຍ
crickets 	 ຈີ່ຫຼໍ່ ຫຼື ຈີ່ນາຍ
criminal	(adj, n) 	 ອາດສະຍາກຳ, ຜູ້ກະທຳຜິດກົດໝາຍ
cripple	(adj) 	 ພິການ
crisis	(n) 	 ວິກິດການ
crop	(n) 	 ພືດ
crop for soil	(n) 	 ພືດບໍາລຸງດິນ
crop mixture	(n) 	 ການປູກພືດປະສົມ
crop rotation	(n) 	 ພືດໝູນວຽນ
cropping index	(n) 	 ດັດສະນີການປູກພືດ
cropping pattern	(n) 	 ຮູບແບບການປູກພືດ
cropping system	(n) 	 ລະບົບການປູກພືດ
cross	(v) 	 ຂ້າມ
cross breed	(v) 	 ປະສົມຂ້າມສາຍພັນ
cross breeding	(n) 	 ການປະສົມພັນຂ້າມສາຍພັນ (ສັດ)
cross frtilization	(n) 	 ການປະສົມພັນຂ້າມສາຍພັນ (ພືດ)
crossbreed 	 ພັນລູກປະສົມ
crowbar 	 ເຫຼັກສະແລງ	(ໃຊ້ງັດ)
cubic measurement	(n) 	 ການວັດແທກບໍລິມາດ
cubic meter	(n) 	 ແມັດກ້ອນ
cucumber 	 ໝາກແຕງກວາ
cud 	 ອາຫານທີ່ສັດຄາຍອອກມາຄ້ຽວເອື້ອງ
cultivable	(adj) 	 ດິນເໝາະສົມກັບກະສິກໍາ
cultivation	(n) 	 ການປູກພືດ, ການເພາະປູກ
cultivator	(n) 	 ຜູ້ປູກ, ຊາວກະສິກອນ
cultural adaptation	(n) 	 ການດັດແກ້ປັບປຸງການປູກພືດ
cultural control	(n) 	 ການຄວບຄຸມການປູກພືດ
culture	(n,v) 	 ວັດທະນາທໍາ, ການລ້ຽງ, ການປູກ
cupboard	(n) 	 ຕູ້
cure	(n,v) 	 ການບໍາບັດ, ປິ່ນປົວ
current account 	 ບັນຊີເງີນຝາກລາຍວັນ
curve	(n) 	 ເສັ້ນໂຄ້ງ
custard apple 	 ໝາກຂຽບ
customer	(n) 	 ລູກຄ້າ
customs duty	(n) 	 ພາສີ (ລະຫວ່າງປະເທດ)
cut	(general use) -see also reduce 	 ຕັດ
cut	(rice or corn with a sickle) (v) 	 ກ່ຽວເຂົ້າ
cutting	(n) 	 ກິ່ງຊໍາ, ການປັກຊໍາ (ພືດ)
cuttle fish	(squid) 	 ປາໝຶກ
cuttting	(harvesting) (n) 	 ການກ່ຽວ, ການຕັດ
cutworm 	 ບົ້ງຝຸງຕາກ້າ
cycles	(n) 	 ວົງຈອນ
cyclone	(n) 	 ພາຍຸໄຊໂຄຼນ, ລົມໝູນ
dairy cattle 	 ງົວນົມ
dairy cattle	(n) 	 ງົວນົມ
dam	(n) 	 ເຂື່ອນ
damage	(n) 	 ຜົນເສຍຫາຍ, ການເສຍຫາຍ
damaged 	 ຖືກທໍາລາຍ
damping off	(fungal disease 	 ໂລກເນົ່າຄໍດິນ
danger	(n) 	 ຄວາມອັນຕະລາຍ
dark	(adj) 	 ມືດ, ຄໍ່າ
data	(n) 	 ຂໍ້ມູນ
date palm, date 	 ໝາກຕາວນ້ອຍ	(ຊະນິດເປັນແຊງຄືໝາກ)
datura 	 ໝາກເຂືອບ້າ
dead	(adj), die (v) 	 ຕາຍ
deaden	(v) 	 ເຮັດໃຫ້ມຶນ, ລະງັບ 
deadly	(adv) 	 ຢ່າງຕາຍ, ອັນຕະລາຍ
debt	(n) 	 ໜີ້
debtor 	 ລູກໜີ້
decay	(v,n) 	 ເນົ່າເປື່ອຍ
deciduous plant	(n) # evergreen plant 	 ພັນໄມ້ລົ່ມໃບ # ພັນໄມ້ບໍ່ລົ່ນໃບ
deciduous tree 	 ຕົ້ນໄມ້ປະເພດມີໃບ
deciduous tree	(n) 	 ຕົ້ນໄມ້ປ່ຽນໃບປີລະເທື່ອ
decimate	(v) 	 ຂ້າໃຫ້ໝົດ, ທໍາລາຍຢ່າງຮຽບກ້ຽງ
decision	(n) 	 ການຕັດສິນໃຈ
decision-making	(n) 	 ການຕັດສິນໃຈ
decline	(v) 	 ຊຸດໂຊມ, ເຊື່ອມໂຊມ
decompose	(v) 	 ສະຫຼາຍຕົວ, ເປື່ອຍ
decrease	(v) 	 ຫຼຸດລົງ, ເຮັດໃຫ້ໜ້ອຍລົງ
deep	(adj) 	 ເລິກ
deer	(n) 	 ກວາງ (ສັດປະເພດໜຶ່ງ)
defoliator	(n) 	 ພະຍາດ ຫຼື ແມງໄມ້ທີ່ເຮັດໃຫ້ໃບລົ່ມ
deforestation	(n) 	 ການທໍາລາຍປ່າໄມ້
dehydration	(n) 	 ການຂາດນໍ້າໃນຮ່າງກາຍ
delay	(v,n) 	 ຊັກຊ້າ
delineation	(n) 	 ການຂີດເຂດແດນ (ແຜນທີ່)
deliver	(v) 	 ສົ່ງ, ນໍາສົ່ງ
demand	(n) 	 ຄວາມຕ້ອງການ
demonstrate	(v), demonstration (n) 	 ສາທິດ, ການສາທິດ, ການສະແດງໃຫ້ເຫັນ
demonstration plot 	 ແປງສາທິດ, ແປງທົດລອງສາທິດ
dense forest 	 ປ່າດົງຕຶບ, ປ່າໄມ້ຕຶບໜາ
department	(n) 	 ກົມ
depend on	(n) 	 ຂື້ນຢູ່ກັບ, ແລ້ວແຕ່
deplete	(v) 	 ສູນພັນ, ໝົດ
deposit	(v) 	 ຝາກເງີນ
deposit account 	 ບັນຊີເງີນຝາກປະຈໍາ
depot	(n) 	 ສາງເກັບເຄື່ອງໃຊ້
depth	(n) 	 ຄວາມເລິກ
descrilbe	(v) 	 ພັນລະນາ, ບອກລັກສະນະ
desert	(v,n) 	 ປະຖິ້ນ, ທະເລຊາຍ
desolate	(v) 	 ສ້າງຄວາມເສຍຫາຍ
destroy	(v) 	 ທໍາລາຍ
destructive harvesting	(n) 	 ການເກັບກູ້ແບບເສຍຫາຍ
detergent	(n) 	 ນໍາ້ ຢາທໍາຄວາມສະອາດ (ແຟັບ, ນໍາ້ ຢາຖູອນ
deteriorate	(v) 	 ຊຸດໂຊມ, ເສື່ອມໂຊມ
determine	(v) 	 ກໍານົດ, ຕັດສິນ
devastate	(v) 	 ທໍາລາຍໜັກໜ່ວງ, ລ້າງຜານ
developing country	(n) 	 ປະເທດກໍາລັງພັນທະນາ
dew	(n) 	 ນໍ້າຄ້າງ
dewclaw 	 ນີ້ວກ້ອຍ
dewlap 	 ໜຽງ, ໜຽງຄໍ
diarrhoea	(chicken) (n) 	 ໂລກອະຫິວາໄກ່
diarrhoea	(n) 	 ພະຍາດຖອກທ້ອງ, ຖອກທ້ອງ
dibble 	 ໄມ້ໃຊ້ຈີ້ມເບ້ຍໄມ້ 
dicot	(dicotyledon) (n) 	 ພືດໃບລ້ຽງຄູ່
diesel engine	(n) 	 ເຄື່ອງຈັກນໍາໃຊ້ນໍ້າມັນກະຊວນ
diesel fuel	(n) 	 ນໍ້າມັນກະຊວນ
diet	(n) 	 ອາຫານ, ອາຫານພິເສດ
different	(adj) 	 ຕ່າງກັນ
dig	(v) 	 ຂຸດ
digest	(v) 	 ຍ່ອຍ (ອາຫານ)
digestion	(n) 	 ການຍ່ອຍອາຫານ
digger	(n) 	 ເຄື່ອງຂຸດ
digging tool, spade 	 ສຽມ
dike, dyke	(n) 	 ຄັນນາ, ບ່ອນກັນນໍ້າ, ຄູກັ້ນນໍ້າ
dill 	 ຜັກຊີ
dilute	(adj, n) 	 ຈາງ
dip	(v) 	 ຈຸ່ມ
dip fish net	(n) 	 ສະຫວິງຕັກປາ
dip net	(n) 	 ສະຫວິງ
diploma	(n) 	 ໃບປະກາດສະນິຍະບັດຊັ້ງສູງ
direct seeding	(n) 	 ນາຫວ່ານ ຫຼື ນາສັກ
direction	(n) 	 ທິດທາງ, ການຊີ້ນໍາ
direction of wind 	 ຕາມລົມ, ທາງລົມ
director	(n) 	 ຜູ້ອໍານວຍການ
dirt	(n) 	 ເປື້ອນເປິ, ສົກກະປົກ
disappear	(v) 	 ເຮັດໃຫ້ສູນພັນ
disappointed	(adj) 	 ຜິດຫວັງ
disaster	(n) 	 ໄພພິບັດ
disc	(n) 	 ຈານ, ແຜ່ນມົນ
disc harrow	(n) 	 ຈານຄາດ
disc plough	(n) 	 ຈານໄຖ
disease	(see special section) 	 ພະຍາດ
display	(v) 	 ສະແດງ
disseminate	(v) 	 ແຈກຢາຍ
dissemination	(n) 	 ການແຈກຢາຍ, ເຜີຍແຜ່
dissolve	(v) 	 ລະລາຍ
distance, spacing	(n) 	 ໄລຍະ, ຫວ່າງ
distil	(v) 	 ກັ່ນ, ຕອງ
distribute	(v) 	 ແຈກຈ່າຍ, ແຈກຍາຍ
distribution channel	(n) 	 ສື່ ຫຼື ຊ່ອງທາງກະຈາຍຂໍ້ມູນ
district	(n) 	 ເມືອງ
district Officer 	 ພະນັກງານເມືອງ
ditch	(n) 	 ຄູ, ຄັນຄູ
diversity	(n) 	 ຫຼາຍຮູບແບບ, ຄວາມຫຼາກຫຼາຍ
divide	(v) 	 ແບ່ງ, ແຍກ
divide into	(v) 	 ແບ່ງອອກເປັນ
dividend 	 ເງີນປັນຜົນ 
divsion	(n) 	 ກອງ, ຄະນະ, ການແບ່ງປັນ
doctor	(n) 	 ແພດ, ນາຍໝໍ
domestic animal	(n) 	 ສັດລ້ຽງ
domesticate	(v) 	 ລ້ຽງ, ເພາະພັນ
dominate	(v) 	 ປົກຄອງ
donate	(v) 	 ບໍລິຈາກ
donor	(n) 	 ຜູ້ໃຫ້ທຶນ
doubt	(V,n) 	 ສົງໄສ
down wind 	 ໃຕ້ລົມ
downy mildew 	 ໂລກນໍ້າຄ້າງ
draft animals	(n) 	 ສັດລາກແກ່
dragon fly 	 ແມງບີ້, ແມງປໍ
drain	(v) 	 ການລະບາຍນໍ້າ
drain	(v) 	 ລະບາຍນໍ້າ
drainage	(n) 	 ການລະບາຍນໍ້າ
drainage ditch, gully 	 ຮ່ອງນໍ້າ
drawer	(n) 	 ລີ້ນຊັກ
drill	(machine for sowing seeds) 	 ເຄື່ອງຫວ່ານກ້າ
drill	(seed) (v) 	 ໂຮຍ
drill	(v) 	 ເຈາະ
drill	(v, n) 	 ເຈາະ, ເຄື່ອງເຈາະ, ສະຫວ່ານເຈາະ
drink	(v) 	 ດື່ມ
drinking water	(n) 	 ນໍ້າດື່ມ
driver	(n) 	 ຄົນຂັບລົດ
drll	(a ridge with seeds or growing plants) 	 ຄູ (ຄູກ້າເມັດພືດ ຫຼື ຄູພືດທີ່ເກີດຂື້ນແລ້ວ)
drone	(mall bee) 	 ເຜີ້ງຕົວຜູ້
drone cell 	 ຊ່ອງເຜີ້ງຕົວຜູ້ 
drop	(v) 	 ຕົກເຮ່ຍ, ເຮັດຕົກ, ປົກໄວ້
droppings	(n) 	 ຂີ້ສັດ
drought	(adj) 	 ແຫ້ງແລ້ງ
drought resistant 	 ທົນແລ້ງ
drought-prone	(n) 	 ເຂດແຫ້ງແລ້ງ
drown	(v) 	 ຖ້ວມ, ນໍ້າຖ້ວມ
drug	(n) 	 ຢາເສບຕິດ
dry	(v) 	 ແຫ້ງ
dry cow	(n) 	 ງົວຢູ່ໃນໄລຍະບໍ່ໃຫ້ນົມ
dry dipterocarp forest	(n) 	 ປ່າໂຄກ
dry season rice	(n) 	 ເຂົ້ານາແຊງ
dry up	(v) 	 ເຊັດໃຫ້ແຫ້ງ (ຖ້ວຍຊາມ)
duck 	 ເປັດ
duck	(v) 	 ເປັດ
duck weed 	 ແໜເປັດ
dung 	 ຝຸ່ນສັດ
durian 	 ໝາກຖົ່ວລຽນ
dust	(n) 	 ຂີ້ນຝຸ່ນ
dustbin	(n) 	 ຖັງຂີ້ເຫຍື້ອ
duty	(n) 	 ໜ້າທີ່
dye	(v) 	 ຍ້ອມສີ
dyke	(n) 	 ຄັນນາ
dysentery	(n) 	 ໂລກທ້ອງບິດ
early	(adv) 	 ເບື້ອງຕົ້ນ, ແຕ່ເຊົ້າມືດ, ແຕ່ເດິກ
earn	(v) 	 ຫາໄດ້, ຫາລ້ຽງຊີບ, ຫາເງິນ
earth	(n) 	 ດິນ, ໂລກ, ໜ່ວຍໂລກ
earthworm	(n) 	 ຂີ້ກະເດືອນ
east	(n) 	 ທິດຕາເວັນອອກ
eco-tourism	(n) 	 ການທ່ອງທ່ຽວທໍາມະຊາດ
ecological balance	(n) 	 ຄວາມສົມດູນທາງດ້ານນິເວດວິທະຍາ
ecologist	(person) 	 ນັກນິເວດວິທະຍາ
ecology	(n) 	 ນິເວດວິທະຍາ
economic incentive	(n) 	 ສິ່ງຈູງໃຈທາງດ້ານເສດຖະກິດ
economic threshold	(n) 	 ເກນການທໍາລາຍທາງດ້ານເສດຖະກິດ
economical	(adj) 	 ປະຢັດ
ecosystem 	 ລະບົບນິເວດ
ecosystem	(n) 	 ລະບົບນິເວດ
edge	(n) 	 ຂອບ, ຮີມ
education	(n) 	 ການສຶກສາ
eel 	 ງ່ຽນ
eel	(n) 	 ອ່ຽນ
efficient	(adj) 	 ມີປະສິດຕິພາບ
egg 	 ໄຂ່
egg	(n) 	 ໄຂ່
egg banana 	 ກ້ວຍໄຂ່
egg dealer 	 ຜູ້ຄ້າໄຂ່
egg grader 	 ເຄື່ອງຄັດໄຂ່
egg plant 	 ໝາກເຂືອ
egg size 	 ຂະໜາດຂອງໄຂ່
electric pump	(n) 	 ເຄື່ອງສູບນໍ້າໄຟຟ້າ, ປໍ້ານໍ້າໃຊ້ໄຟຟ້າ
electricity	(n) 	 ໄຟຟ້າ
elephant	(n) 	 ຊ້າງ
eliminate	(v) 	 ກໍາຈັດ
emasculator	(n) 	 ເຄື່ອງຕອນຫໍາສັດ
embroider	(v) 	 ແສ່ວ, ຖັກແສ່ວ
embryo	(n) 	 ຈາວ, ໜໍ່, ລູກໃນທ້ອງ, ຕົ້ນອ່ອນໃນເມັດ
emergency	(n) 	 ສຸກເສີນ
employ	(v) 	 ຈ້າງ
employee	(n) 	 ລູກຈ້າງ
employer	(n) 	 ນາຍຈ້້າງ, ຜູ້ຈ້າງ
empty	(adj) 	 ຫວ່າງເປົ່າ
enclosure	(n) 	 ສະຖານທີ່ຊື່ງຢູ່ພາຍໃນວົງຮົ້ວ
encourage	(v) 	 ໃຫ້ກໍາລັງໃຈ, ສະໜັບສະໜູນ
encroachment	(n) 	 ການບຸກລຸກປ່າ
endangered species	(n) 	 ສັດ ແລະ ພືດໃກ້ຈະສູນພັນ (ຊະນິດ)
endermic	(n) 	 ພະຍາດຊໍ້າເຮື້ອປະຈໍາທ້ອງຖິ່ນ, ໄຂ້ຊໍ້າເຮື້ອ
enemies 	 ສັດຕູເຜີ້ງ
energy	(n) 	 ພະລັງງານ, ກໍາລັງ
engineering	(n) 	 ວິສະວະກໍາ
enhancement	(n) 	 ການປັບປຸງ, ການເສີມຂະຫຍາຍ
enlarge	(v) 	 ຂະຫຍາຍ, ເຮັດໃຫ້ໃຫຍ່ອອກ
enrichment planting	(n) 	 ການປູກປ່າເສີມ
entitlement	(n) 	 ສິດທິ
entrails	(n) 	 ເຄື່ອງໃນ, ອະໄວຍະວະພາຍໃນຂອງສັດ
environment	(n) 	 ສິ່ງແວດລ້ອມ
environmental	(adj) 	 ສິ່ງແວດລ້ອມ
environmental impact assessment 	 ການປະເມີນຜົນກະທົບທາງດ້ານສະພາບ
environmentalist	(person) 	 ນັກສິ່ງແວດລ້ອມ
epidemic	(n) 	 ໂລກລະບາດ, ໂລກຕິດຕໍ່
erosion	(n) 	 ການເຊາະເຈື່ອນຂອງດິນ
erratic	(adj) 	 ບໍ່ແນ່ນອນ
escarpment	(n) 	 ບ່ອນກວ້າງສູງຊັນ
establish	(v) 	 ຕັ້ງ, ສ້າງຕັ້ງ
estimate	(v) 	 ປະມານ, ກະຕວງ
eucalyptus camaldulensis 	 ຕົ້ນວິກ
evapo-tranpiration	(n) 	 ການລະເຫີຍອາຍ ແລະ ການລະເຫີຍຜ່ານ
evaporate	(v) 	 ລະເຫີຍອາຍ
exact	(adj) 	 ແນ່ນອນ, ຕົວຈິງ
example	(n) 	 ຕົວຢ່າງ
example, sample 	 ຕົວຢ່າງ
exception	(n) 	 ຂໍ້ຍົກເວັ້ນ
exchange rate	(n) 	 ອັດຕາແລກປ່ຽນ
excrement	(n) 	 ຝຸ່ນ, ອາຈົມ
exhausted	(adj) 	 ໝົດແຮງ, ໝົດ
exotic species	(n) 	 ພັນຕ່າງຖິ່ນ, ພັນຕ່າງດ້າວ
expand	(v) 	 ຂະຫຍາຍ, ກະຈາຍ
experience	(n) 	 ປະສົບການ, ສໍານາມ, ເຄີຍຜ່ານວຽກ
experiment	(n) 	 ການທົດລອງ, ທົດລອງ
experimental station 	 ສະຖານີທົດລອງ
expert	(n) 	 ຜູ້ຊ່ຽວຊານ
explain	(v) 	 ອະທິບາຍ
explain in detail 	 ອະທິບາຍໂດຍລະອຽດ
explode	(v) 	 ລະເບີດ, ແຕກຂື້ນ
explore	(v) 	 ສໍາຫຼວດ, ຄົ້ນຫາ
export	(n) 	 ການສົ່ງອອກ
expose	(v) 	 ເປີດເຜີຍ, ຕາກແດດ, ແບອອກ
extend something 	 ສົ່ງເສີມ
extension	(n) 	 ສົ່ງເສີມ, ຂະຫຍາຍ
extension worker 	 ພະນັກງານສົ່ງເສີມ
extensionists	(n) 	 ນັກສົ່ງເສີມ
extensive land use	(n) 	 ການນໍາໃຊ້ທີ່ດິນແບບຂະຫຍາຍກວ້າງ
extinct	(adj) 	 ສູນພັນ
extract	(v) 	 ຕັດທອນ, ສະກັດອອກ
eyebrow	(n) 	 ຄີ້ວ
eyelash	(n) 	 ຂົນຕາ
eyelid	(n) 	 ເປືອກຕາ, ໜັງຕາ
fail	(v) 	 ບໍ່ໄດ້ຮັບຜົນ, ຫຼົ້ມເຫຼວ
failure	(n) 	 ການບໍ່ໄດ້ຮັບຜົນ
fallow	(adj) 	 ປະດິນເປົ່າຫວ່າງ, ປ່າເລົ່າ
false smut 	 ພະຍາດດອກກະຖິນ
family	(n) 	 ຕະກຸນ
famine	(n) 	 ຄວາມອຶດຢາກ, ຄວາມຂາດແຄນ
fan	(n) 	 ພັດລົມ
fare	(n) 	 ຄ່າໂດຍສານ
farm	(n) 	 ໄຮ່, ນາ
farm crops	(n) 	 ພືດໄຮ່
farm enterprise	(n) 	 ວິສະຫະກິດຜະລິດກະສິກໍາ
farm processing	(n) 	 ການປຸງແຕ່ງຜົນຜະລິດຢູ່ກັບພື້ນທີ່
farm-based agroforestry	(n) 	 ລະບົບການກະສິກາໍ ແລະ ປ່າໄມ້ໃນຮູບແບບຟາມ
farmer	(n) 	 ຊາວກະສິກອນ
farmers group 	 ກຸ່ມຊາວກະສິກອນ
farmers’ group 	 ກຸ່ມຊາວກະສິກອນ
farrow	(n) 	 ຄອກເກີດໝູ, ຄອກໝູນ້ອຍ
favorable	(adj) 	 ເໝາະສົມ, ແທດເໝາະ
feather	(n) 	 ຂົນສັດປີກ, ຂົນປັດໄກ່
fee	(n) 	 ຄ່າທໍານຽມ
feed 	 ອາຫານສັດ
feed	(n) 	 ອາຫານສັດ
feed	(v) 	 ໃຫ້ອາຫານສັດ, ເກືອສັດ
feed grinding machine 	 ເຄື່ອງບົດອາຫານ
feed mixing machine 	 ເຄື່ອງປະສົມອາຫານ
feeding	(n) 	 ການໃຫ້ອາຫານ
felling 	 ການຕັດປ່າ, ຖາງປ່າເນື້ອທີ່ຂຸດຄົ້ນ
female 	 ໂຕແມ່
female	(adj) 	 ໂຕແມ່ (ສັດ)
female breeding stock 	 ແມ່ພັນ 
fence	(n) 	 ຮົ້ວ
fermented fish	(n) 	 ປາແດກ
ferocious	(used of animals) 	 ຮ້າຍ, ໂຫດຮ້າຍ (ສັດຮ້າຍ)
ferry	(n) 	 ເຮືອບັກ
fertile	(adj) 	 ອຸດົມສົມບູນ, ຝຸ່ນຫຼາຍ
fertile soil	(laymen’s term) 	 ດິນດີ, ດິນຜຸຜຸ່ຍ
fertilitv	(n) 	 ຄວາມອຸດົມສົມບູນ
fertilization	(n) 	 ການປະສົມພັນ (ພືດ ຫຼື ສັດ)
fertilize	(v) 	 ເຮັດໃຫ້ອຸດົມສົມບູນ, ປະສົມພັນ
fertilized egg	(n) 	 ໄຂ່ທີ່ປະສົມພັນແລ້ວ
fertilizer	(n) 	 ປຸ໋ຍ
fertilizer application 	 ການໃສ່ປຸ໋ຍ
fester	(v) 	 ເປັນໜອງ, ເນົ່າ
fetch	(v) 	 ໄປເອົາມາ
fever	(n) 	 ໄຂ້
fibre	(n) 	 ໃຍ, ກາກ
fibre crop	(n) 	 ພືດເສັ້ນໃຍ
fibrous roots	(n) 	 ຮາກຝອຍ
fibrous roots	(n) 	 ຮາກຝອຍ
field	(n) 	 ທົ່ງນາ
field crop 	 ພືດໄຮ່
field crop	(n) 	 ພືດໄຮ່
field crop farmer 	 ຊາວໄຮ່ 
field guard	(n) 	 ຄົນເຝົ້ານາ, ຄົນເຝົ້າໄຮ່
field mouse	(n) 	 ໜູນາ
field trip	(n) 	 ອອກພື້ນທີ່, ລົງຢ້ຽມຢາມພາກສະໜາມ
fig tree 	 ໝາກເດື່ອ
fill	(v) 	 ບັນຈຸ, ເຮັດໃຫ້ເຕັມ
fin 	 ຄີ, ຄີປາ
fin(n) 	 ຄີປາ
finance 	 ການເງີນ
finger nails	(n) 	 ເລັບມື
fingering 	 ປານ້ອຍທີ່ມີອາຍຸພໍປ່ອຍໄດ້
fingers	(n) 	 ນີ້ວມື
finish	(v) 	 ຈົບ, ສໍາເລັດ, ແລ້ວ
fire wood, fuel-wood 	 ຟືນ, ໄມ້ຟືນ
fire-break 	 ໄຟກະຈັດກະຈາຍ
firewood	(n) 	 ຟືນ
first grade officer	(n) 	 ຂ້າລັດຖະການຊັ້ນເອກ
fish	(see special section for species) 	 ປາ (ລາຍລະອຽດໃຫ້ເບີງ່ ໃນພາກຊະນິດຂອງປາ)
fish	(v) 	 ຕຶກປາ, ຫາປາ
fish ball or meat ball 	 ລູກຊີ້ນ	(ປາ, ຊີ້ນ) 
fish basket 	 ຂ້ອງ
fish bone	(n) 	 ກ້າງປາ
fish hook 	 ເບັດ
fish meal	(n) 	 ປາປົ່ນໃຊ້ເປັນປຸ໋ຍ ຫຼື ອາຫານສັດ
fish net	(n) 	 ສະຫວິງ, ມອງ, ແຫ
fish pond 	 ສະລ້ຽງປາ
fish scale	(n) 	 ເກັດປາ
fish with a hook and line 	 ຕຶກປາ, ຫາປາ
flame	(n) 	 ແປວໄຟ
flank	(side of animal from ribs to thigh) 	 ກ້າມເນື້ອລະຫວ່າງໂຄງກະດູກຫາກົກຂາ
flat	(not hilly) (adj) 	 ຮາບພຽງ
flat land 	 ດິນພຽງ, ພື້ນທີ່ຮາບພຽງ
flexible	(adj) 	 ປ່ຽນແປງໄດ້
flies 	 ແມງວັນ
flood	(v) 	 ນໍ້າຖ້ວມ
flood gate	(n) 	 ປະຕູນໍ້າ
floor	(n) 	 ພື້ນ
flour	(n) 	 ແປ້ງ
flourish	(n) 	 ເຕີບໂຕໄວ
flower, blossom	(n) 	 ດອກ, ດອກໄມ້
flower, flowering	(n) 	 ດອກ, ການອອກດອກ
flowerpot	(n) 	 ໂຖດອກໄມ້
fluctuate	(v) 	 ຂື້ນໆລົງໆ
focus	(v) 	 ເລັ່ງໃສ່, ສູມໃສ່
fodder	(n) 	 ຫຍ້າແຫ້ງ, ອາຫານສັດປະເພດຫຍ້າແຫ້ງ
foot 	 ຕີນ
foot	(n) 	 ຕີນ
foot and mouth disease 	 ພະຍາດປາກເປືອຍລົງເລັບ
foot and mouth disease 	 ໂລກຕີນ ແລະ ປາກເປື່ອຍ
foot rot 	 ພະຍາດເຫງົ້າເນົ່າ
foot rot 	 ໂລກກີບເນົ່າ
forage	(n) 	 ພືດພັນນາໆຊະນິດ
forage	(n) 	 ພືດອາຫານສັດ
forage crop 	 ພືດອາຫານສັດ
force	(n) 	 ບັງຄັບ
forced self-settlement	(n) 	 ການຍົກຍ້າຍຖິ່ນຖານແບບບັງຄັບ
fore rib 	 ຊາຍໂຄງໜ້າ
fore udder 	 ເຕົ້ານົມໜ້າ
fore-blank 	 ຊອກຂາໜ້າ
forehead 	 ໜ້າຜາກ
foreign breed 	 ພັນຕ່າງປະເທດ
foreign breed	(n) 	 ພັນຕ່າງປະເທດ
foreleg 	 ຂາໜ້າ
forest	(n) 	 ປ່າໄມ້
forest managemnt & protection 	 ການຈັດການ ແລະ ການປ້ອງກັນປ່າໄມ້
forest products 	 ຊັບພະຍາກອນປ່າໄມ້
forest-based agroforestry	(n) 	 ໄຮ່ນາປ່າປະສົມ
forget	(v) 	 ລືມ
fork 	 ຄາດ, ສາມງ່າມໃຊ້ສໍາລັບຊ້ວນ
formula	(n) 	 ສັດ
foundation	(n) 	 ມູນນິທິ, ຈັດຕັ້ງສະຖາບັນ
foundation seed	(n) 	 ເມັດພັນພື້ນຖານ
four-furrow plough	(n) 	 ໄຖແບບສີ່ແຜ່ນ
fowl cholera 	 ໂລກອະຫິວາໄກ່
frame 	 ເຮືອນເຜີ້ງເຄື່ອນທີ່
fresh	(ot be) (adj) 	 ສົດ
fresh watter 	 ນໍ້າຈືດ
fresh watter fish 	 ປານໍ້າຈືດ
fresh watter prawn 	 ກຸ້ງກ້າມກາມ
friend	(n) 	 ເພື່ອນ, ໝູ່ເພື່ອນ
friendly	(adj) 	 ເປັນກັນເອງ
frog	(n) 	 ກົບ, ຂຽດ, ອື່ງອ່າງ
fruit 	 ໝາກໄມ້
fruit	(classifier) 	 ໜ່ວຍ, ໝາກ
fruit	(n) 	 ຜົນ, ໝາກ
fruit	(n) 	 ໝາກໄມ້
fruit farmer	(n) 	 ຊາວສວນໝາກໄມ້
fruit fly 	 ແມງວັນເຫຼືອງ
fruit orchard 	 ສວນໝາກໄມ້, ສວນໄມ້ໃຫ້ໝາກ
fruit picker 	 ໄມ້ສ້າງເກາະໝາກໄມ້
fruit tree 	 ຕົ້ນໝາກໄມ້, ຕົ້ນໄມ້ໃຫ້ໝາກ
fry 	 ປານ້ອຍເກີດໃໝ່
fuel 	 ເຊື້ອເພີງ
full	(adj) 	 ເຕັມ
fumes	(n) 	 ອາຍເສຍ, ຄວັນ
fumigate	(v) 	 ສີດຢາຂ້າແມງໄມ້
fun	(n) 	 ຄວາມມ່ວນຊື່ນ
fundamental	(adj) 	 ພື້ນຖານ
fungal disease 	 ເຊື້ອໂລກ, ເຊື້ອລາ
fungicide	(n) 	 ຢາກໍາຈັດເຊື້ອລາ
fungus	(n) 	 ເຊື້ອລາ
funnel 	 ຈວຍ	(ໃຊ້ຮ່າຍນໍ້າ, ເຫຼົ້າ, ຫຼື ທາດແຫຼວຕ່າງໆ
funny	(adj) 	 ຕະຫຼົກ
fur	(n) 	 ຂົນສັດ
furniture 	 ເຄື່ອງຕົບແຕ່ງເຮືອນ
furrow	(n) 	 ຮ່ອງໃນໜານຜັກ
fuse	(n) 	 ຟີວໄຟຟ້າ (ເສັ້ນຟີວ)
future	(n) 	 ໃນພາຍໜ້າ, ອະນາຄົດ
galingale, galangal, wild ginger 	 ຂ່າ
gall dwarf 	 ພະຍາດກູດ
gall midge 	 ບົ່ວ
gallery forest	(n) 	 ປ່າລຽບແຄມນໍ້າ
gandaria 	 ໝາກຜາງ
garden	(n) 	 ສວນ
gardener	(n) 	 ຄົນເຮັດສວນ
garland	(n) 	 ພວງມາລາ
garlic 	 ຜັກທຽມ, ຫອມທຽມ
gate	(n) 	 ປະຕູໄຊ
gather	(v) 	 ໂຮມເຂົ້າກັນ, ເກັບຮວມກັນ
gather or collect	(v.) 	 ເກັບນໍ້າຫວານຈາກເກສອນດອກໄມ້
generate	(v) 	 ຜະລິດ, ເຮັດໃຫ້ເກີດມີຂື້ນ, ເຮັດໃຫ້ກໍາເນີດ
generator	(n) 	 ເຄື່ອງກໍາເນີດໄຟຟ້າ
generous	(adj) 	 ເມດຕາ, ໃຈກວ້າງຂວາງ
genetic material	(n) 	 ອຸປະກອນເຊື້ອພັນ
gentian violet	(n) 	 ນໍ້າຢາສີມ່ວງແກ່ໃຊ້ສໍາລັບຂ້າເຊື້ອໂລກ
genus	(n) 	 ຊະນິດ, ແນວພັນພືດ ຫຼື ແນວພັນສັດ
germ cell	(n) 	 ແຊ່ນສືບພັນ
germinate	(v) 	 ງອກ, ແຕກຈາວ
germinate	(v.), emerge (v.) 	 ງອກ, ອອກ
gestation	(n) 	 ໄລຍະຕັ້ງທ້ອງ, ຖືພາ
gestation	(period) 	 ໄລຍະຖືພາ
giant water bug 	 ແມງດາ
gill 	 ເຫງືອກ, ຟັນຟືມ
ginger 	 ຂີງ
girl	(n) 	 ເດັກຍີງ
girl’ school	(n) 	 ໂຮງຮຽນແມ່ຍີງ
give birth	(v.) 	 ເກີດລູກ, ອອກລູກ
gland	(n) 	 ຕ່ອມ ຫຼື ປອກທີ່ໃຊ້ອັດເຄື່ອງຈັກ
glanders 	 ໂລກໜອງຂໍ້	(ໃນສັດ)
glass	(n) 	 ຈອກແກ້ວ
gliricidia senium dulec 	 ກົກແຄຝຣັ່ງ
gloves 	 ຖົງມື
glutinous	(sticky) rice 	 ເຂົ້າໜຽວ
glutinous rice	(n) 	 ເຂົ້າໜຽວ
gnat 	 ແມງມີ່
goat 	 ແບ້
goat	(n) 	 ແບ້
godown	(warehouse) (n) 	 ສາງເຄື່ອງ
gold	(n) 	 ຄໍາ
good seed	(n) 	 ເມັດພັນດີ
goose 	 ຫ່ານ
gourd 	 ໝາກໂຕ່ນ
govern	(v) 	 ປົກຄອງ
government	(n) 	 ລັດຖະບານ
government official 	 ຂ້າລັດຖະການ, ລັດຖະກອນ
governor’s plum 	 ໝາກຕາກົບ
grafted tree 	 ກິ່ງຕອນ
grafting 	 ການສຽບຍອດ
grafting	(n) 	 ການທາບກິ່ງ
grain	(n) 	 ເມັດພືດ, ທັນຍະພືດ
grain drill	(n) 	 ເຄື່ອງຢອດເມັດ, ເຄື່ອງຢອດແກ່ນ
grain storage hut 	 ເລົ້າເຂົ້າ, ຖ່ອມເຂົ້າ, ປອກເຂົ້າ
grain weevil, rice weevil 	 ມອດ, ໂຕມອດ
grape 	 ໝາກອາງຸ່ນ, ໝາກລະເຊັງ
grass 	 ຫຍ້າ
grass	(n) 	 ຫຍ້າ
grass carp 	 ປາກີນຫຍ້າ
grasshopper 	 ຕັກແຕນ
grasshopper	(n) 	 ຕັກແຕນ
grassy stunt 	 ພະຍາດຂຽວເຕ້ຍ
gravel	(n) 	 ຫີນແຫ່, ຫີນຫາດ
graze	(v), grazing 	 ກິນຫຍ້າ, ການປ່ອຍສັດກິນຫຍ້າ
grease	(v, n) 	 ທານໍ້າມັນ, ນໍ້າມັນສັດ, ນໍ້າມັນຂີ້ເຜີ້ງ
green	(adj) 	 ສີຂຽວ
green house	(n) 	 ເຮືອນແກ້ວ
green kuang futsoi 	 ຜັກກາດຂາວ
green leafhopper 	 ເພ້ຍຈັກຈັ່ນສີຂຽວ
green manure	(n) 	 ຝຸ່ນຂຽວ, ຝຸ່ນທໍາມະຊາດ
green onion 	 ຕົ້ນຫອມບົ່ວ
green semilooper 	 ບົ້ງເຂົາຂືບ
greenhorned aterpillar 	 ບົ້ງເຂົາສີຂຽວ
grid	(n) 	 ຕາໜ່າງເຫຼັກ
grinding machine	(n) 	 ເຄື່ອງບົດ
ground	(n) 	 ດິນ, ພື້ນດິນ
ground lizard	(n) 	 ແຍ້
ground water	(n) 	 ນໍ້າໃຕ້ດິນ
group 	 ກຸ່ມ
group	(n) 	 ກຸ່ມ, ພວກ, ໝູ່
grow	(formal) (v) 	 ຈະເລີນເຕີບໂຕ
grow	(informal) (v) 	 ໃຫຍ່, ເຕີບໃຫຍ່
grow	(v.) 	 ຂະຫຍາຍຂື້ນ
grow up	(v) 	 ໃຫຍ່, ເຕີບໂຕ 
growing	(n) 	 ການເຕີບໂຕ
growth	(n) 	 ການຈະເລີນເຕີບໂຕ
growth rate	(n) 	 ອັດຕາການເຕີບໂຕ
guarantee	(n, v) 	 ຮັບປະກັນ
guard	(v,n) 	 ປ້ອງກັນ, ເຝົ້າຍາມ
guard rail 	 ຮົ້ວກັ້ນ
guava 	 ໝາກສີດາ
gulf	(n) 	 ອ່າວ
gullet	(n) 	 ຫຼອດອາຫານ
gully	(n) 	 ທາງນໍ້າໄຫຼ
gum	(n) 	 ຕົ້ນໄມ້ໃຫ້ຢາງ, ຢາງໄມ້
gutter	(n) 	 ຮາງລິນ
habit	(n) 	 ນິໄສ
hack	(n) 	 ບັກ, ຟັນ, ສັບ
hair	(for animal) 	 ຂົນ
half	(adj) 	 ເຄິ່ງ, ເຄິ່ງໜຶ່ງ
halter	(n) 	 ເຊືອກຈູງມ້າ
halve	(v) 	 ແບ່ງ, ແບ່ງເຄິ່ງ
ham 	 ກົກຂາຫຼັງ	(ໝູ)
hammer 	 ຄ້ອນຕີ
hand drill 	 ສະຫວ່ານມື
handicraft	(n) 	 ຫັດຖະກໍາ
handling	(n) 	 ຮັກສາດູແລ
hard wood	(n) 	 ໄມ້ເນື້ອແຂງ
hardy	(adj) 	 ທົນທານ
harmless	(adj) 	 ບໍ່ເປັນອັນຕະລາຍ
harrowing	(n) 	 ການຄາດ
harvest	(v,n) 	 ເກັບກ່ຽວ, ການເກັບກ່ຽວ
harvest rice	(v) 	 ກ່ຽວເຂົ້າ
hatch	(v) 	 ຟັກໄຂ່
hav	(n) 	 ຫຍ້າແຫ້ງ
hazard	(n) 	 ຄວາມອັນຕະລາຍ
headman	(head of village) 	 ນາຍບ້ານ
headmaster	(n) 	 ອາຈານໃຫຍ່, ຄູໃຫຍ່
heal	(v) 	 ປົວ, ບໍາບັດ, ຮັກສາ
healthy	(adj) 	 ງາມ, ແຂງແຮງ
heap	(v,n) 	 ກອງກັນຂື້ນ, ກອງ, ເປັນກອງ
heart	(n) 	 ຫົວໃຈ, ໃຈ
heat	(n) 	 ຄວາມຮ້ອນ
heavy	(adj) 	 ໜັກ
hectare	(n) 	 ເຮັກຕາ
hedge	(n) 	 ຮົ້ວຕົ້ນໄມ້ຕໍ່າໆ
heel	(n) 	 ສົ້ນຕີນ, ສົ້ນໜ່ອງ
heifer 	 ງົວໜຸ່ມສາວ
help	(v) 	 ຊ່ວຍ
hemp	(n) 	 ປໍ, ປ່ານ
hen	(n) 	 ໄກ່ແມ່
herbaceous	(n) 	 ໄມ້ເນື້ອອ່ນ
herbicide 	 ຢາກໍາຈັດຫຍ້າ
herbicide	(n) 	 ຢາຂ້າຫຍ້າ
herbivore	(n) 	 ສັດກິນຫຍ້າ (ກິນໃບໄມ້)
herd	(n) 	 ຝຸງສັດ
hide	(n) 	 ໜັງສັດ
high	(adj) 	 ສູງ
highland	(n) 	 ບ່ອນສູງ
hill 	 ສູມ	(ເຂົ້າ, ໄມ້)
hind blank 	 ຊອກຂາຫຼັງ
hind leg 	 ຂາຫຼັງ
hip 	 ກະໂພກ
hip	(n) 	 ກະໂພກ
hire	(v) 	 ຈ້າງ, ເໝົາ
hispa 	 ແມງດໍາໜາມ
hit	(v) 	 ຕີ, ຕ່ອຍ
hive 	 ຮັງເຜີ້ງ
hive	(n), hive-bee (honey bee) 	 ຮັງເຜີ້ງ, ຮວງເຜີ້ງ
hoe 	 ຈົກ
hoe	(n) 	 ຈົກ (ໃຊ້ສໍາລັບຂຸດດິນ)
hoeing	(n) 	 ການຂຸດດິນ, ການພວນດິນ
hog plum 	 ໝາກກອກ
hoja blanca 	 ພະຍາດໃບຂຽວ
hold	(v) 	 ຈັບ, ຖື
holding net 	 ກະຊັງ, ກະຊັງຂັງປາ
hole	(n) 	 ຂຸມ, ຫຼຸມ, ຮູ
hole mout	(n) 	 ປາກຂຸມ, ປາກຫຼຸມ
hollow	(n) 	 ໂກນ, ກະບັ້ງ
hollow tree trunk 	 ເຜີ້ງໂກນໄມ້
holy basil 	 ອີ່ຕູ່
home garden	(n) 	 ສວນຄົວ
honey 	 ນໍ້າເຜີ້ງ
honey cell 	 ຊ່ອງນໍ້າເຜີ້ງ
honey dew melon 	 ໝາກແຕງລາຍ, ໝາກແຕງໃຫຍ່
honeycomb 	 ນໍ້າເຜີ້ງໃນຮວງຮັງ
honry extractor 	 ເຄື່ອງແຍກນໍ້າເຜີ້ງ
hoof	(n) 	 ກີບ, ກີບຕີນສັດ
hook	(n) 	 ຂໍເກາະ
hormone	(n) 	 ຮໍໂມນ
horn	(for animal) (n) 	 ເຂົາສັດ
hornet 	 ແຕນ, ໂຕແຕນ
horns 	 ເຂົາສັດ
horse 	 ມ້າ
horse	(n) 	 ມ້າ
horse fly 	 ເຫຼືກ, ໂຕເຫຼືອກ
horticulture	(n) 	 ການປູກພືດຜັກ
hose	(n) 	 ທໍ່ຢາງ
hospital	(n) 	 ໂຮງໝໍ
host	(for parasites) (n) 	 ສັດກາຝາກ, ພະຍາດກາຝາກ
hot	(adj) 	 ຮ້ອນ
hot basil 	 ໃບຜັກລີ້ນລວງ	(ໃບກະເພົາ)
house	(n) 	 ເຮືອນ
house fly 	 ແມງວັນ
household	(n) 	 ຄົວເຮືອນ
housing	(n) 	 ການປຸກສ້າງບ້ານເຮືອນ
howl	(v) 	 ຫອນ, ເຫົ່າຫອນ
hull	(v) 	 ປອກເປືອກ, ສີເຂົ້າ
humid	(adj) 	 ຊື້ນ, ຊຸ່ມຊື້ນ
humidity	(n) 	 ຄວາມຊຸ່ມ
humus	(n) 	 ຝ່ນ
hunger	(n) 	 ຄວາມອຶຫ
hunt(v), hunting	(n) 	 ລ່າສັດ, ການລ່າສັດ
husband	(n) 	 ຜົວ, ສາມີ
husk	(n) 	 ເປືອກ
husk rice	(v) 	 ສີເຂົ້າ
husked rice 	 ເຂົ້າເປືອກ
husked rice	(n) 	 ເຂົາ້ ສານ
hut	(n) 	 ກະທ້ອນ, ຖຽງນາ, ຕູບ
hutch	(n) 	 ຄອກກະຕ່າຍ
hybrid 	 ລູກຊອດ, ລູກປະສົມ
hybrid	(n) 	 ລູກຊອດ, ລູກປະສົມ
hydraulic	(adj) 	 ແມ່ແຮງ, ໄຮໂດຣລິກ
hydraulic ram	(n) 	 ເຄື່ອງປາໍ້ນໍ້າລະບົບໄຮໂດຣລິກ
hygiene	(n) 	 ຄວາມສະອາດ
immune	(adj) 	 ທົນທານຕໍ່ໂລກ (ພະຍາດ)
impact	(v, n) 	 ຜົນກະທົບ
imperil	(v) 	 ເກີດອັນຕະລາຍ
implement	(v) 	 ເລີ່ມປະຕິບັດ
import	(n) 	 ສິນຄ້າຂາເຂົ້າ
impossible 	 ເປັນໄປບໍ່ໄດ້
impoverish	(v) 	 ເຮັດໃຫ້ໝດ
improve	(v) 	 ເຮັດໃຫ້ດີຂື້ນ, ບໍາລຸງ
in-breed	(v.) 	 ປະສົມເລືອດຊິດ
inappropriate	(adj) 	 ບໍ່ເໝາະສົມ
inarching, approach grafting 	 ການທາບກີ່ງໄມ້, ການຕໍ່ຕາໄມ້
inbred	(n) 	 ໂນ້ມອ່ຽງ, ອ່ຽງ
inbreeding	(n) 	 ການປະສົມແມ່ພັນ
incline	(v) 	 ໂນ້ມອ່ຽງ, ອ່ຽງ
income	(n) 	 ລາຍໄດ້, ເງິນລາຍໄດ້
increase	(v) 	 ເພີ່ມຂື້ນ, ຂະຫຍາຍຈໍານວນຂື້ນ
incubate	(v) 	 ອົບ, ບົ່ມ, ໃຫ້ຄວາມຮ້ອນເພື່ອໃຫ້ເກີດເປັນຕົວ
incubate	(v.) 	 ຟັກໄຂ່
incubation	(n) 	 ການຟັກໄຂ່, ໄລຍະຟັກໄຂ່
incubator	(n) 	 ຕູ້ອົບ, ເຄື່ອງຟັກໄຂ່
induced spawning 	 ການປະສົມທຽມປາ
industry	(n) 	 ອຸດສາຫະກໍາ
infections disease(n) 	 ພະຍາດຕິດຕໍ່, ໂລກຕິດຕໍ່
infectious bronchitis 	 ໂລກຫຼອດລົມອັກເສບ
infectious disease 	 ໂລກຕິດຕໍ່
infertile	(adj) 	 ບໍ່ອຸດົມສົມບູນ
infest	(v) 	 ອັ່ງອໍ (ເຕັມສະຖານທີ່)
infestation	(n) 	 ຄວາມອັ່ງອໍ
inflation 	 ພາວະເງີນເຟີ້
inflorescence 	 ຈໍ່ດອກ
inform	(v) 	 ແຈ້ງຂ່າວ, ບອກໃຫ້ຮູ້
information	(n) 	 ຂໍ້ມູນຂ່າວສານ
inhabitant	(n) 	 ຜູ້ອາໄສ
initial investment 	 ເງີນຕົ້ນທຶນ
injection	(n) 	 ການສັກຢາ
injure	(v) 	 ທໍາຮ້າຍ, ບາດເຈັບ
inorganic	(n) 	 ອະນົງຄະທາດ, ອະອິນຊີ
insect 	 ແມງໄມ້ 
insect	(n) 	 ແມງໄມ້
insecticide 	 ຢາຂ້າແມງໄມ້
insecticide	(n) 	 ຢາຂ້າແມງໄມ້
inseminate	(v) 	 ແຜ່ພັນ
install	(v) 	 ຕິດຕັ້ງ
instances	(n) 	 ຕົວຢ່າງ
instead	(adj) 	 ແທນທີ່
insure	(v.), insurance (n) 	 ປະກັນໄພ, ການປະກັນໄພ
intercrop	(n, v) 	 ການປູກພືດປະສົມປະສານ
interest	(n) 	 ດອກເບ້ຍ, ເງີນດອອກເບ້ຍ
interest rate	(n) 	 ອັດຕາດອກເບ້ຍ
interested	(adj) 	 ສົນໃຈ
intermingle	(v) 	 ປະສົມ
intestine	(n) 	 ລໍາໄສ້, ໄສ້
inundation	(n) 	 ອຸທົກກະໄພ, ນໍ້າຖ້ວມ
invertebrates	(n) 	 ສັດບໍ່ມີກະດູກສັນຫຼັງ
invest	(v.) 	 ລົງທຶນ
invest money	(v) 	 ລົງທຶນ
invoice 	 ໃບແຈ້ງລາຄາສີນຄ້າ, ໃບອິນວອຍ
iodine	(n) 	 ທາດໄອໂອດິນ
iodine deficiency disorder	(goiter) 	 ໂລກຂາດທາດໄອໂອດິນ, ໂລກຄໍໜຽງ
iron	(n) 	 ເຫຼັກ
iron toxicity 	 ສານພິດຂອງດິນ
irreplaceable	(adj) 	 ປ່ຽນແທນບໍ່ໄດ້
irrigate	(v) 	 ສ້າງຊົນລະປະທານ
irrigate	(v) 	 ຫົດນໍ້າ, ໃຫ້ນໍ້າ, ເອົານໍ້າເຂົ້າ
irrigation	(n) 	 ການຊົນລະປະທານ
irrigation	(n) 	 ຊົນລະປະທານ
irrigation dam	(n) 	 ເຂື່ອນກັນນໍ້າ
irrigation ditch	(n) 	 ຕະຄອງສົ່ງນໍ້າ, ຄອງສົ່ງນໍ້າ
island 	 ດອນ, ເກາະ
itch	(v, n) 	 ຄັນ, ຂີ້ຫິດ
ivy gourd 	 ຜັກຕໍານິນ
jack fruit 	 ໝາກມີ້
jam	(n) 	 ແຍມ, ໝາກໄມ້ກວນ
jaw 	 ຄາງ
jaw	(n) 	 ດູກຄາງກະໄຕ
jetting gun	(n) 	 ປືນສີດນໍ້າ
jug	(n) 	 ເຫຍືອກ, ໂຖນໍ້າ, ກະຕຸກນໍ້າ
juggle	(v) 	 ຫຼີ້ນກົນ, ລວງຕາ
juice	(n) 	 ນໍ້າໝາກໄມ້
jujube 	 ໝາກກະທັນ, ໝາກທັນ
jungle	(n) 	 ປ່າດົງດິບ
justifiable	(adj) 	 ແກ້ຕົວໄດ້
justify	(v) 	 ສະແດງຫຼັກຖານ, ແກ້ຕົວ
justness	(n) 	 ຍຸດຕິທໍາ
jut	(n) 	 ຍືນອອກມາ, ຍື່ນຂາອອກ
jute 	 ປໍກະເຈົາ
jute 	 ປໍກະເຈົາ
jute	(n) 	 ປໍ, ປໍກະເຈົາ
juvenile	(n, adj) 	 ເຍົາວະຊົນ, ເດັກນ້ອຍ, ລຸ້ນເດັກນ້ອຍ
juvenile court	(n) 	 ສານຄະດີເດັກນ້ອຍ
juvenile delinquent	(n) 	 ເດັກນ້ອຍເກເລ
kaempfer	(kind of galingale) 	 ກະຊາຍ
kaffir lime 	 ໝາກຂີ້ຫູດ
kapok 	 ຕົ້ນງິ້ວ	(ງິ້ວ)
keen	(adj) 	 ຄົມ, ຫຼັກແຫຼມ, ໃຈຈົດໃຈຈໍ່
keep	(v) 	 ເກັບຮັກສາ, ປົກປິດ, ປິດບັງ
kenaf 	 ປໍສະວາ
kenaf 	 ປໍແກ້ວ
kernel	(n) 	 ພາກສ່ວນໃນຂອງຖົ່ວຕ່າງໆ
kerosene	(paraffin) 	 ນໍ້າມັນກາດ
kettle	(n) 	 ກາຕົ້ນນໍ້າ, ໝໍ້
kibble	(v) 	 ບົດ, ປົ່ນ
kidney	(n) 	 ໃຕ, ໃຕສັດ
kill	(v) 	 ຂ້າ
kilogram, kilo	(n) 	 ກິໂລກຼາມ
kind	(adj), sort (n) 	 ຊະນິດ
king	(n) 	 ເຈົ້າຊີວິດ
kitchen garden	(n) 	 ສວນຄົວ, ສວນຜັກ
kitten	(n) 	 ລູກແມວ
knee	(n) 	 ເຂົ່າ, ຫົວເຂົ່າ
knife 	 ມີດ
knife	(n) 	 ມີດ
knit	(v) 	 ຖັກ
knoll	(n) 	 ເນີນ, ໂຄກ
lab our	(n) 	 ແຮງງານ
laborers	(n) 	 ກໍາມະກອນ
lactation	(period) 	 (ໄລຍະ) ໃຫ້ນົມ
lactation period	(n) 	 ໄລຍະໃຫ້ນົມ
ladder	(n) 	 ຂັ້ນໄດ
ladybird beetle 	 ແມງເຕົ່າທອງ
lake	(n) 	 ທະເລສາບ
lamp	(n) 	 ຕະກຽງ, ໂຄມໄຟ, ດອກໄຟ
land	(n) 	 ດິນ
land and tree tenure	(n) 	 ກໍາມະສິດໃນການນໍາໃຊ້ທີ່ດິນ ແລະ ຕົ້ນໄມ້
land classification	(n) 	 ການຈັດສັນແບ່ງດິນ
land classification	(n) 	 ການຈໍາແນກທີ່ດິນ
land distribution / allocation	(n) 	 ການແບ່ງປັນທີ່ດິນ
land feasibility	(n) 	 ຄວາມເປັນໄປໄດ້ໃນການນໍາໃຊ້ດິນໃຫ້
land fragmentation	(n) 	 ການແບ່ງທີ່ດິນອອກເປັນພື້ນທີ່ຍ່ອຍໆ
land lease	(n) 	 ການເຊົ່າທີ່ດິນ
land occupation	(n) 	 ການຢຶດຄອງທີ່ດິນ
land race	(n) 	 ພັນພື້ນເມືອງ
land reform	(n) 	 ປະຕິຮູບທີ່ດິນ
land registry	(cadaster ) 	 ການຈົດທະບຽບທີ່ດິນ, ການລົງທະບຽບທີ່ດິນ
land speculation	(n) 	 ການຊື້ຂາຍດິນເພື່ອຜົນກໍາໄລ
land tenure systems	(n) 	 ລະບົບກໍາມະສິດນໍາໃຊ້ທີ່ດິນ 
land use right	(n) 	 ສິດນໍາໃຊ້ທີ່ດິນ
land-mine	(n) 	 ລະເບີດຝັງດິນ
land-use system	(n) 	 ລະບົບການນໍາໃຊ້ທີ່ດິນ
land-use-map sketching	(n) 	 ການວາດແຜນທີ່ການນໍາໃຊ້ທີ່ດິນດ້ວຍມື
landholding	(n) 	 ການຄອບຄອງທີ່ດິນ
landless	(n) 	 ບໍ່ມີທີ່ດິນ
landlord	(landowner) 	 ເຈົ້າຂອງເຮືອນ (ເຈົ້າຂອງທີ່ດິນ)
landmark	(n) 	 ຫຼັກປັກປັນເຂດແດນ, ທີ່ໝາຍ, ຂີດໝາຍ
landslide	(n) 	 ດິນເຈື່ອນ, ດິນພັງທະລາຍ
langsat 	 ໝາກລັງສາດ
large-scale	(adj) 	 ຂະໜາດໃຫຍ່
larva	(grub) 	 ເຜີ້ງຕົວອ່ອນ
larva of dipteral and some lepidoptera 	 ໜອນ, ໂຕໜອນ
lasso	(n) 	 ບ້ວງຄ້ອງສັດ
laterite 	 ດິນແຮ່, ດິນລຸກລັງ
laterite	(n) 	 ດິນຫີນແຮ່
laugh	(v) 	 ຫົວ, ຫົວຂວັນ
law	(n) 	 ກົດໝາຍ
law of succession	(n) 	 ກົດໝາຍການສືບທອດມໍລະດົກ
lay	(v) 	 ວາງ, ພາດ, ປູ
lay egg	(v) 	 ອອກໄຂ່, ວາງໄຂ່
lay eggs	(v) 	 ວາງໄຂ່
layer 	 ໄກ່ໄຂ່
layer	(n) 	 ແມ່ໄກ່ໄຂ່, ຊັ້ນຂອງດິນ ຫຼື ບັນຍາກາດ
leaching	(n) 	 ການຊະລ້າງ (ດິນ)
lead	(mineral) 	 ກົ່ວ, ສານກົ່ວ
lead	(v) 	 ຈູງ, ຊັກຈູງ, ນໍາພາ
leader	(n) 	 ຜູ້ນໍາ
leaf 	 ໃບໄມ້
leaf burn 	 ໃບແຫ້ງ
leaf curing 	 ໃບງໍ
leaf scald 	 ພະຍາດໃບວົງສີນໍ້າຕານ
leaf spot 	 ໃບຈຸດ
leaf streak 	 ພະຍາດໃບຂີດສ່ອງແສງ
leaf, leaves	(n) 	 ໃບໄມ້
leaffolder 	 ບົ້ງຮໍາໃບ
leafhopper 	 ເພ້ຍຈັກຈັ່ນ
leafy vegetable 	 ຜັກກີນໃບ
leafy vegetables	(n) 	 ຜັກກີນໃບ
leak	(n) 	 ຮົ່ວ
leave	(v) 	 ຖີ້ມ, ຈາກໄປ, ອອກເດິນທາງ
leech	(n) 	 ປີງ, ທາກ
legal frame work	(n) 	 ຂອບເຂດກົດໝາຍ
legume	(n) 	 ພືດຕະກຸນຖົ່ວ
lemon grass 	 ຫົວສີໄຄ
lend	(v) 	 ໃຫ້ຢຶມ
lend	(v) 	 ໃຫ້ຢືມ, ໃຫ້ກູ້
lentil 	 ໝາກຖົ່ວຊະນິດໜື່ງ
leptispa 	 ດ້ວງປີກແຂງ
lettuce 	 ຜັກສະຫຼັດ
leucaena leucocephala 	 ກະຖິນບ້ານ
leucaena leucocephala 	 ກະຖິນໃຫຍ່
leusine indica 	 ຫຍ້າຕີນກາ ຫຼື ຫຍ້າຜັກຄວາຍ
level	(flat) (adj) 	 ພຽງ
level	(n) 	 ລະດັບ
level	(v) 	 ປັບໜ້າດິນ
license	(n) 	 ໃບທະບຽນ, ໃນອະນຸມັດ
lichee	(lychee) 	 ໝາກລີ້ນຈີ່
life	(n) 	 ຊີວິດ
lift net 	 ກະດຸ້ງ
light	(v, n, adj) 	 ໄຕ້ໄຟ, ແສງສະຫວ່າງ, ເບົາ
limb	(n) 	 ແຂນຂາ ຫຼື ປີກ
lime 	 ປູນຂາວ
lime	(lemon) 	 ໝາກນາວ
lime	(n) 	 ໝາກຂີ້ຫູດ
lime	(rough lemon), kaffir lime 	 ໝາກຂີ້ຫູດ
limestone	(n) 	 ຫີນປູນ
limit	(v, n) 	 ຈໍາກັດ, ເຂດຈໍາກັດ
lip	(n) 	 ຮີມປາກ
liquid	(n, adj) 	 ແຫຼວ, ທາດແຫຼວເປັນນໍ້າ
liver	(n) 	 ຕັບ
livestock 	 ສັດລ້ຽງ 
livestock	(n) 	 ສັດລ້ຽງ
livestock raising	(n) 	 ການລ້ຽງສັດ
livestock specialist	(n) 	 ສັດຕະວະແພດ
living fence	(n) 	 ຮົ້ວຊີວະພາບ (ທີ່ປູກຕົ້ນໄມ້ເປັນຮົ້ວ)
lizard	(n) 	 ກະປອມ, ຈິໂກະ
load	(v, n) 	 ບັນທຸກ, ເຄື່ອງບັນທຸກ, ເຄື່ອງຕ່າງໃສ່
loam 	 ດິນອ່ອນ, ດິນປະສົມ, ດິນດີ
loan	(n. v.) 	 ໃຫ້ກູ້ຢືມ, ເງີນກູ້ 
local	(adj) 	 ທ້ອງຖີ່ນ, ພື້ນເມືອງ
local breed	(n) 	 ພັນພື້ນເມືອງ
located	(adj) 	 ຕໍາແໜ່ງ, ບໍລິເວນ
lock	(n) 	 ກະແຈ, ປິດກະແຈ, ອັດ
locust	(n) 	 ຕັກແຕນ (ຊະນິດທໍາລາຍພືດ)
log	(n) 	 ໄມ້ທ່ອນ
log hive 	 ເຜີ້ງໂກນ
logging	(n) 	 ການຕັດໄມ້ທ່ອນ
loin 	 ບັ້ນແອວ 
lonely	(adj) 	 ເຫງົາ
long	(adj) 	 ຍາວ
long banana 	 ກ້ວຍງ້າວ
long handle fish net 	 ສະຫວິງປາກໃຫຍ່
longan 	 ໝາກລໍາໄຍ
loom	(n) 	 ຫູກ
loose	(adj, loosen (v) 	 ຫຼົມ, ບໍ່ແໜ້ນ, ເຮັດໃຫ້ຫຼົມ
lorry	(n) 	 ລົດບັນທຸກ
lose	(money) (v.) loss (n.) 	 ຂາດທຶນ
lost	(adj) 	 ເສຍ
lotus 	 ດອກບົວ
louse	(lice-pl.) 	 ເຫົາ
low	(adj) 	 ຕໍ່າ
lower soil horizon 	 ດິນຊັ້ນລຸ່ມ
lowland	(n) 	 ທົ່ງພຽງ, ພື້ນທີ່ຕໍ່າ
lowland rice farmer 	 ຊາວນາ
lpomoea aquatic 	 ຜັກບົ້ງ
lschaemum rugosum 	 ຫຍ້າກ້ານທູບ
lumber 	 ໄມ້ແປຮູບ, ໄມ້ແປຮູບ
lumberjack 	 ຊ່າງຕັດຕົ້ນໄມ້
lungs	(n) 	 ປອດ
machete 	 ມີດທີ່ມີໃບມີດໃຫຍ່ກວ້າງ
mad cow disease	(BSE) 	 ໂລກງົວບ້າ
main	(adj) 	 ຫຼັກ, ສໍາຄັນ
main crop	(n) 	 ພືດຫຼັກ
mainstay	(n) 	 ຫຼັກສໍາຄັນ
maintenance	(n) 	 ການຮັກສາ, ການບໍາລຸງ, ການລ້ຽງດູເບີ່ງແຍງ
major	(adj) 	 ໃຫຍ່, ສ່ວນໃຫຍ່
malaria	(n) 	 ໄຂ້ມາລາເລຍ, ໄຂ້ປ່າ
male 	 ໂຕຜູ້
male animal	(n) 	 ສັດໂຕຜູ້
male breeding stock 	 ພໍ່ພັນ
malia azedarach	(chinaberry) 	 ຕົ້ນລ່ຽມ
mammal	(n) 	 ສັດລ້ຽງລູກດ້ວຍນໍ້ານົມ
mammary	(adj) 	 ກ່ຽວກັບນົມ
management	(n) 	 ບໍລິຫານ
manager	(n) 	 ຜູ້ບໍລິຫານ
mandate	(v) 	 ມີອໍານາດ
manganese toxicity 	 ສານພິດຂອງທາດມັງການິສ
mango 	 ໝາກມ່ວງ
mangosteen 	 ໝາກມັງຄຸດ
manila tamarind 	 ໝາກຂາມເທດ
manure 	 ຝຸ່ນສັດ, ຂີ້ສັດ	(ຝຸ່ນຄອກ)
manure	(n) 	 ປຸ໋ຍທໍາມະຊາດ, ປຸ໋ຍຄອກ, ຝຸ່ນຄອກ
manure spreader	(n) 	 ເຄື່ອງໃສ່ປຸ໋ຍ
map	(n) 	 ແຜນທີ່
mare	(n) 	 ມ້າແມ່
marian plum 	 ໝາກຜາງ
market	(n) 	 ຕະຫຼາດ
market force	(n) 	 ຕົວກໍານົດຂອງຕະຫຼາດ
market garden	(n) 	 ສວນຜັກ
mask	(protective wear for face) 	 ໜ້າກາກ
mastitis 	 ໂລກເຕົ້ານົມອັກເສບ
mattock, pickaxe 	 ເຄື່ອງມືຂຸດດິນ, ເຫຼັກເຂົາຄວາຍ
mature	(v, adj) 	 ແກ່, ສຸກ, ຈະເລີນເຕັມສ່ວນ, ເປັນຜູ້ໃຫຍ່
maturity	(n) 	 ອາຍຸ
maximum	(n, adj) 	 ສູງສຸດ
mealybugs 	 ເພ້ຍແປ້ງ
measure	(v) 	 ວັດແທກ, ແທກ
meat	(n) 	 ຊີ້ນ, ເນື້ອ
meat chicken 	 ໄກ່ພັນຊີ້ນ
mechanic	(n) 	 ຊ່າງຈັກ, ຊ່າງເຄື່ອງຈັກ
mechanical equipment 	 ເຄື່ອງກົນຈັກ
mechanization	(n) 	 ການນໍາໃຊ້ກົນຈັກ
mechanize	(v) 	 ນໍາໃຊ້ກົນຈັກ
medicinal plant	(n) 	 ພືດສະໝຸນໄພ, ພືດເປັນຢາ
medicinal plant	(n) 	 ພືດສະໝຸນໄພ, ພືດເປັນຢາ
medicine	(n) 	 ຢາ, ຢາປີ່ນປົວ
meeting 	 ການປະຊຸມ, ລວມ
meeting	(n) 	 ການປະຊຸມ
member 	 ສະມາຊິກ
member	(n) 	 ສະມາຊິກ
merchant, money lender 	 ພໍ່ຄ້າ, ຜູ້ອອກເງີນກູ້
mesh	(n) 	 ຕາຄ່າຍ, ຕາໜ່າງ, ຕາແຫ
metal	(n, adj) 	 ໂລຫະ
meter / meter	(n) 	 ໄມ້ແມັດ (ສໍາລັບວັດແທກ)
methane gas	(CH	 ກາສທໍາມະຊາດທີ່ໄດ້ຈາກຂີ້ສັດ
method	(n) 	 ວິທີການ
microbe	(n) 	 ຈຸລະຊີບ
microcatchment	(n) 	 ອ່າງໂຕ່ງຂະໜາດນ້ອຍ
microclimate	(n) 	 ສະພາບອາກາດໃນລະດັບຈຸນລະພາກ
micronutrients	(n) 	 ອາຫານສໍາຮອງ
midwife	(n) 	 ນາງຜະດຸງຄັນ
migrate	(v.) 	 ຍ້າຍຮັງ (ຂອງເຜີ້ງ)
migro-organism 	 ຈຸລິນຊີ
milk	(n) 	 ນໍ້ານົມ
milk veins 	 ເສັ້ນນົມ
millipede 	 ບົ້ງກື
millipede	(n) 	 ບົ້ງກື
mineral	(n, adj) 	 ແຮ່ທາດ
minimum	(n, adj) 	 ຕໍ່າສຸດ
ministry	(n) 	 ກະຊວງ
minster	(n) 	 ລັດຖະມົນຕີ
mint 	 ໃບສະລາແນ່, ຜັກຫອມລາບ	(ຫອມຈີນ)
mire	(n) 	 ຕົມ, ໂຄນ
mist	(n) 	 ນໍ້າໝອກ
mist irrigation bed	(bench) 	 ໜານພົ່ນໝອກ
mite 	 ໄຮ, ໂຕໄຮ
mite	(n) 	 ໄຮ, ເລັນ
mix 	 ສ່ວນປະສົມ
mix	(v) 	 ປະສົມ
mix feed	(n) 	 ອາຫານປະສົມ
mixed feed 	 ອາຫານປະສົມ
mixed pasture 	 ທົ່ງຫຍ້າປະສົມ
mixing machine	(n) 	 ເຄື່ອງປະສົມ
mixing ratio 	 ສ່ວນປະສົມ
mixture	(n) 	 ສ່ວນປະສົມ
mobilize	(v) 	 ລະດົມ
modify	(v) 	 ດັດແປງ
moist	(v) 	 ຊຸ່ມ
moisture	(n) 	 ຄວາມຊຸ່ມ
mole cricket 	 ແມງຊອນ
monitor	(v) 	 ຕິດຕາມ
monk	(n) 	 ຄູບາ
monkey	(n) 	 ລີງ
monky wrench 	 ກະແຈເລື່ອນ
monocot	(monocotyledon) (n) 	 ພືດໃບລ້ຽງດ່ຽວ
monoculture	(n) 	 ປູກພືດຊະນິດດຽວກັນໃນພື້ນທີ່ເດີມ
monsoon forest	(n) 	 ປ່າປຽກຊຸ່ມ
month	(n) 	 ເດືອນ
moon	(n) 	 ເດືອນ, ພະຈັນ
morbidity	(n) 	 ເນື້ອງອກ
mortality	(n) 	 ອັດຕາການຕາຍ
mortgage 	 ກໍາໄລສຸດທິ
mosquito 	 ຍຸງ
moss	(n) 	 ໄຄຫີນ ຫຼື ໄຄຕົ້ນໄມ້
moth 	 ແມງກະເບື້ອກາງຄືນ
moth	(n) 	 ແມງກະເບື້ອກາງຄືນ
motivate	(v) 	 ຈຸງໃຈ, ຊຸກຍູ້
motivation	(n) 	 ການຈຸງໃຈ, ການກະຕຸ້ນ
mould	(n,v) 	 ເຊື້ອລາ, ດິນຫຼົມ, ແມ່ພັນ, ແບບຢ່າງ
moulting	(n) 	 ການຖ່າຍຂົນ (ປ່ຽນຂົນໃໝ່)
mountain	(n) 	 ພູເຂົາ
mouse, rat 	 ໜູ, ໂຕໜູ
move	(v) 	 ເຄື່ອນທີ່, ຍ້າຍ
mow	(v) 	 ຕັດຫຍ້າ
mucus	(n) 	 ນໍ້າເມືອກ (ຂອງສັດ ຫຼື ຄົນທີ່ມີພູມແພ້)
mud, muddy	(n, adj) 	 ຕົມ
mulberry 	 ຕົ້ນມອນ
mulberry	(n) 	 ຕົ້ນມອນ
mulberry leaf	(n) 	 ໃບມອນ
mulberry tree	(n) 	 ຕົ້ນມອນ
mulch	(v) 	 ຄູນດິນ, ປົກໜ້າດິນ (ດ້ວຍຫຍ້າ, ເຟືອງ ແລະ ອືນ
multi-cropping	(n) 	 ການປູກພືດຫຼາຍຊະນິດ
multiply	(v) 	 ຂະຫຍາຍ, ຄູນ
multipurpose forest	(n) 	 ປ່າອະເນກປະສົງ
mung bean 	 ຖົ່ວຂຽວ
mung bean 	 ຖົ່ວຂຽວ
muscle	(n) 	 ກ້າມຊີ້ນ
mushroom	(n) 	 ເຫັດ
mussel	(n) 	 ຫ້ອຍແມງຜູ້
mustard 	 ຜັກກາດຂຽວ, ຜັກກາດຊອນ
muzzle 	 ດັງ
nail 	 ຕະປູ
narrow	(adj) 	 ແຄບ
narrow brown leaf spot 	 ພະຍາດໃບຂີດສີນໍ້າຕານ
national	(adj) 	 ແຫ່ງຊາດ
native	(adj) 	 ພື້ນເມືອງ
native breed 	 ພັນພື້ນເມືອງ
natural	(adj) 	 ຕາມທຳມະຊາດ
natural regeneration	(n) 	 ການສືບພັນໂດຍທໍາມະຊາດ
naturalist	(person) 	 ນັກຄົ້ນຄວ້າທຳມະຊາດ
nature	(n) 	 ທຳມະຊາດ
navel	(n) 	 ສາຍບື
near	(adj) 	 ໃກ້
necessary	(adj) 	 ຈຳເປັນ
nectar 	 ນໍ້າຫວານໃນເກສອນດອອກໄມ້
need	(n, v) 	 ຕ້ອງການ, ຄວາມຕ້ອງການ
needle 	 ໃບເຂັມຕົ້ນແປກ
needs assessment 	 ການປະເມີນຄວາມຕ້ອງການ
neglect	(v) 	 ປະປ່ອຍ
nematode 	 ຂີ້ກະເດືອນຝອຍ
nematode	(n) 	 ຂີ້ກະເດືອນຝອຍ, ຂີ້ກະຕືກ, ແມ່ທ້ອງກົມ
nerve	(n) 	 ປະສາດ
net	(n) 	 ສະຫວິງ, ກະດຸ້ງ
net profit 	 ກໍາໄລສຸດທິ
nipa palm nut 	 ໝາກຈາກ
nipple	(n) 	 ຫົວນົມ
nitrate	(n) 	 ເກືອຂອງກົດໄນທຣິດ
nitrogen 	 ທາດໄນໂຕຣເຈນ
nitrogen	(n) 	 ທາດໄນໂຕຣເຈນ
nitrogen deficiency 	 ການຂາດທາດໄນໂຕຣເຈນ
nitrogen fixation	(n) 	 ການປ່ຽນທາດໄນໂຕຼເຈນມາເປັນອາ
nomadic	(adj) 	 ພະເນຈອນ
non-farm activity	(n) 	 ກິດຈະກໍາທີ່ບໍ່ກ່ຽວຂ້ອງກັບພື້ນທີ່ກະສິກໍາ
non-glutinous rice 	 ເຂົ້າຈ້າວ
non-market value	(n) 	 ບໍ່ມີມູນຄ່າທາງດ້ານການຕະຫຼາດ
non-renewable resource	(n) 	 ຊັບພະຍາກອນທີ່ບໍ່ສາມາດເສີມສ້າງຂື້ນ
north	(n) 	 (ທິດ) ເໜືອ
northeast 		(ທິດ) ຕາເວັນອອກສຽງເໜືອ
nose	(n) 	 ດັງ
novice monk	(n) 	 ເນນ, ຈົວ
number	(n) 	 ເລກທີ, ນໍ້າເບີ
nurse	(n) 	 ນາງພະນາບານ
nursery 	 ກິ່ງທາບ
nursery	(n) 	 ເຮືອນເພາະປູກ
nurture	(n) 	 ລ້ຽງ, ຖະນຸຖະໜອມ
nut 	 ນັອດ
nut	(n) 	 ແກ່ນ, ໝາກ
nutmeg 	 ຈັນເທດ
nutrient	(n) 	 ທາດອາຫານ
nutrient deficiency 	 ການຂາດທາດອາຫານ
nutrition 	 ໂພຊະນາການ
nutrition	(n) 	 ໂພຊະນາການ
oats 	 ເຂົ້າໂອດ
ocean	(n) 	 ມະຫາສະໝຸດ
octopus	(n) 	 ປາໝຶກໃຫຍ່
off feed 	 ໂລກເບື່ອອາຫານ
off-farm employment	(n) 	 ວຽກງານນອກພື້ນທີ່ກະສິກໍາ
officer	(n) 	 ເຈົ້າໜ້າທີ່, ພະນັກງານ
official	(n) 	 ຂ້າລັດຖະການ
offspring	(n) 	 ລູກຫຼານ (ຄົນ, ສັດ)
oil	(n) 	 ນໍ້າມັນ
ointment	(n) 	 ຢາທາຊະນິດນໍ້າມັນ
okra, lady’s finger 	 ກະຈ໋ຽວ, ສົ້ມພໍດີ
old-growth forest	(n) 	 ປ່າແກ່
olive 	 ໝາກໂອລິບ
on-farm trials	(n) 	 ການທົດລອງຮ່ວມກັບຊາວກະສິກອນ
one way street	(n) 	 ຖະໜົນທິດດຽວ
onion 	 ຜັກບົ່ວຫົວໃຫຍ່, ຫົວຫອມ
opium	(n) 	 ຢາຝິ່ນ
opportunity cost	(n) 	 ມູນຄ່າຂອງໂອກາດດ້ານເສດຖະກິດ
orange 	 ໝາກກ້ຽງ
orange leaf 	 ພະຍາດໃບສີນໍ້າໝາກກ້ຽງ
orchard	(n) 	 ສວນໝາກໄມ້
orchard farmer 	 ຊາວສວນ
orchid	(n) 	 ກ້ວຍໄມ້, ດອກເອື້ອງ, ດອກກຽງລົມ, ດອກເຜີ້ງ
order	(n, v) 	 ສັ່ງ, ຊັ້ນ (ໃນການຈໍາແນກສັດ ແລະ ພືດ)
ordnance	(n) 	 ອາວຸດ, ສາງອາວຸດ
ore	(n) 	 ແຮ່, ສິນແຮ່
organic	(adj) 	 ອົງຄະທາດ, ອິນຊີ
organic fertilizer	(n) 	 ປຸ໋ຍອິນຊີວັດຖຸ, ປຸ໋ຍທີ່ໄດ້ຈາກທໍາມະຊາດ
organic matter	(n) 	 ອິນຊີວັດຖຸ, ວັດຖຸໄດ້ຈາກທໍາມະຊາດ (ໃບໄມ້)
organism	(n) 	 ອິນຊີວັດຖຸ, ສັດ ຫຼື ຕົ້ນໄມ້
organization	(n) 	 ການຈັດຕັ້ງ, ອົງການຈັດຕັ້ງ
organize	(v) 	 ຈັດຕັ້ງ
origin	(n) 	 ດັ້ງເດີມ
ostrich	(n) 	 ນົກກະຈອກເທບ
out flowing	(adj) 	 ໄຫຼອອກ
oven	(n) 	 ເຕົາອົບ
overflow	(v) 	 ລົ້ນ, ຖ້ວມ, ໄຫຼລົ້ມ
owner	(n) 	 ເຈົ້າຂອງ
oxygen 	 ທາດອົກຊີ
oyster mushroom	(n) 	 ເຫັດນາງລົມ
pH	(value) 	 ຄວາມເປັນກົດເປັນດ່າງ
paddy field	(n) 	 ທົ່ງນາ
paddy rice	(n) 	 ເຂົ້ານາ
pain	(n) 	 ຄວາມເຈັບປວດ, ບາດແຜ
palate	(n) 	 ເພດານປາກ
pandanus 	 ໃບເຕີຍ
papaya 	 ໝາກຫຸ່ງ
paper	(n) 	 ເຈ້ຍ, ບົດລາຍງານ
paprika 	 ໝາກເຜັດໃຫຍ່
paraffin	(kerosene) (n) 	 ນໍ້າມັນກາດ
parameter	(n) 	 ຕົວວັດແທກ, ຕົວປ່ຽນ
parasite 	 ເຊື້ອກາຝາກ
park	(n) 	 ສວນ, ສວນສາທາລະນະ
parsley 	 ຜັກຊີຝຣັ່ງ
parsley	(n) 	 ຜັກຊີ
part of it	(n) 	 ສ່ວນໜື່ງ
participatory approach	(n) 	 ຮູບແບບຂອງການມີສ່ວນຮ່ວມ
parts of plants	(n) 	 ສ່ວນຕ່າງໆຂອງພືດ
pass	(n,v) 	 ຜ່ານ, ໃບອະນຸຍາດ, ທາງຜ່ານ
passport	(n) 	 ໜັງສືເດີນທາງ
pasteurization	(n) 	 ການຂ້າເຊື້ອໂລກດ້ວຍຄວາມຮ້ອນ
pastoral	(n,adj) 	 ທົ່ງຫຍ້າ, ສໍາລັບໃຫ້ສັດກີນຫຍ້າ
pastoralists	(n) 	 ຄົນລ້ຽງສັດ
pasture 	 ທົ່ງຫຍ້າ
pasture	(n) 	 ທົ່ງຫຍ້າ
patch	(small piece of land) 	 ຕອນ (ດິນຕອນໜື່ງ)
path	(n) 	 ທາງ, ທາງນ້ອຍ
patient	(n) 	 ຄົນເຈັບ
patient	(to be) (adj) 	 ອົດທົນ
paunch 	 ສ່ວນທ້ອງ
paw	(n) 	 ອົ້ງຕີນສັດ
pay	(v) 	 ຈ່າຍ, ຊໍາລະສະສາງ
payment 	 ການຈ່າຍ
pea	(n) 	 ຖົ່ວ
peace	(n) 	 ສະຫງົບ, ສັນຕິພາບ
peach 	 ໝາກຄາຍ
peanut 	 ຖົ່ວດິນ
peanut	(n) 	 ຖົ່ວດິນ
peanuts 	 ໝາກຖົ່ວດິນ
peasant	(n) 	 ຊາວຊົນນະບົດ, ຊາວນາ
peat	(n) 	 ດິນອົງຄະທາດ
peat	(organic) 	 ດິນອົງຄະທາດ
pebble	(n) 	 ຫີນ, ຫີນນ້ອຍ
pedestrian	(n) 	 ຄົນຍ່າງ
peel	(n,v) 	 ເປືອກ, ປອກເປືອກ
peg	(v,n) 	 ປັກ, ຕອກເຫຼັກໝຸດ, ເຂັມໝຸດ, ຂໍໜີບເຄື່ອງ
pelleted feed, concentrate 	 ຫົວອາຫານ
pelt	(skin of animal) 	 ໜັງສັດ
pen	(animal) 	 ຄອກສັດ, ເລົ້າ
pen, coop 	 ລົກ, ລົກໄກ່
pen, stable 	 ຄອກ
pengasus sutchi	(cat fish) 	 ປາສະຫວາຍ
peppers 	 ພິກໄທ
per capita	(adj) 	 ຕໍ່ຫົວ, ຕໍ່ຄົນ
per-diem	(n) 	 ເບ້ຍລ້ຽງ
perch-bass 	 ປາກະພົງ
percolate	(v) 	 ໄຫຼຊືມ
percolation 	 ການຊຶມຂອງນໍ້າ
perennial plants	(n) 	 ພືດລົ້ມລຸກ
perish	(n) 	 ຕົ້ນພືດທີ່ຫ່ຽວແຫ້ງ, ເນົ່າເປື່ອຍຕາຍ
permanent	(adj) 	 ຄົງທົນ, ຖາວອນ
permeate	(v) 	 ຊຶມ, ແຊກຊຶມ, ຮົ່ວ, ແຜ່ລາມ
permission	(n) 	 ການອະນຸຍາດ
persimmon 	 ໝາກເບັນ	(ເປັນໜ່ວຍສີແດງນ້ອຍ)
persuade	(v) 	 ຊັກຊວນ
pest 	 ສັດຕູພືດ
pest	(n) 	 ສັດຕູພືດ
pest controle 	 ການຄວບຄຸມສັດຕູພືດ
pesticide 	 ຢາກໍາຈັດສັດຕູພືດ
pestle & mortar 	 ສາກ ແລະ ຄົກ
petal	(n) 	 ກີບດອກໄມ້
petiole	(n) 	 ກ້ານ
petrol	(n) 	 ນໍ້າມັນແອັດຊັງ
phenomenon	(n) 	 ປະກົດການ
phosphate 	 ທາດຟົດສະຟໍ
phosphorus	(n) 	 ທາດຟົດສະຟໍຣັດ
phosphorus deficiency 	 ການຂາດທາດຟົດສະຟໍ
photosynthesis	(n) 	 ການສັງເຄາະແສງ
physical appearance	(n) 	 ລັກສະນະພາຍນອກ, ລັກສະນະຟິຊິກ
phytoplankton 	 ສີໃຄນໍ້າ
pick	(v) 	 ເກັບ (ເກັບຜົນລະປູກ)
picker corn	(n) 	 ເຄື່ອງເກັບສາລີ
picker cotton	(n) 	 ເຄື່ອງເກັບຝ້າຍ
pickle	(n, v) 	 ເຄື່ອງດອງ, ດອງ
pigeon pea 	 ໝາກແປບ, ຖົ່ວແຮ
pigsty	(n) 	 ຄອກໝູ
pile	(stake to support building) 	 ເສົາເຂັມ
pillar	(n) 	 ເສົາ
pilot farmer 	 ຊາວກະສິກອນຕົວຢ່າງ
pine cone 	 ດອກຕົ້ນແປກ
pineapple 	 ໝາກນັດ
pink eye 	 ໂລກຕາ	(ງົວຄວາຍ)
pipes	(n) 	 ທໍ່, ທໍ່ນໍ້າ
pistil	(n) 	 ເກສອນແມ່
pistil	(n) 	 ເກສອນແມ່
pithecellotrium dolec 	 ໝາກຂາມເທດ
pituitary gland	(n) 	 ຕ່ອມໃຕ້ສະໝອງ
place	(n) 	 ບ່ອນ, ສະຖານທີ່
placenta	(n) 	 ນ້ອງສັດ (ຫຼັງຈາກສັດເກີດລູກໃໝ່)
plain	(n) 	 ທົ່ງ, ທົ່ງພຽງ
plan	(v) 	 ວາງແຜນ
plane 	 ກົບ	(ໃຊ້ກົບໄມ້)
plane	(n) 	 ກົບ (ກົບໄມ້)
plankton 	 ໄຮນໍ້າ
plant	(seed in hills) (v.) 	 ຢອດ, (ຢອດແກ່ນ, ຢອດເມັດ)
plant	(v.) 	 ປູກ
plant breeding	(n) 	 ການປະສົມພັນພືດ
plant disease 	 ພະຍາດພືດ
plant seed	(v.) 	 ບົງ, ກ້າແກ່ນ
plant succession	(n) 	 ລະບົບການສືບແທນຂອງພືດ
plantation	(n) 	 ສວນ, ໄຮ່
planting 	 ການປູກ
planting interval	(n) 	 ໄລຍະຫ່າງລະຫວ່າງແຖວປູກ
planting space	(n) 	 ໄລຍະຫ່າງລະຫວ່າງແຖວ
plants	(n) 	 ພືດ
plants	(n) 	 ພືດ
plateau 	 ທີ່ຮາບສູງ, ດິນທີ່ຮາບສູງ
plateau	(n) 	 ພູພຽງ
pledging of crop	(n) 	 ການມັດຈໍາພືດ (ການຊື້ຂາຍເຂົ້າຂຽວ)
plot	(n) 	 ຕອນ, ຜືນ (ນາ, ດິນ) ແປງທົດລອງ
plough	(n, v) or plow (v) 	 ໄຖ, ໄຖນາ 
plough	(v), plough (n) 	 ໄຖ, ເຄື່ອງໄຖ
plough a furrow 	 ລວງຮ່ອງ, ແປງຮ່ອງ
plough in 	 ໄຖຄົ້ນ
pluck	(v) 	 ດຶງ, ຖອນ
plug 	 ເຄື່ອງອັດ	(ດອນອັດ)
plug	(v, n) 	 ອັດ, ກັ້ນ, ເຄື່ອງອຸດ, ເຄື່ອງກັ້ນ
plywood	(n) 	 ໄມ້ອັດ
poaching	(n) 	 ລ່ວງລະເມີດ
pod	(n, v) 	 ຝັກ (ຖົ່ວ), ແຕກຝັກ
poison	(n) 	 ເປັນພິດ, ຢາພິດ
poison	(n, v) 	 ຢາພິດ, ເປັນພິດ
poison sac 	 ຖົງນໍ້າພິດ
poisonous	(adj) 	 ເປັນພິດ
police station	(n) 	 ປ້ອມຕໍາຫຼວດ, ສະຖານີຕໍາຫຼວດ
polished rice	(n) 	 ເຂົ້າສານ
polite	(adj) 	 ສຸພາບ
pollarding	(n) 	 ການຕັດຮອນເພື່ອໃຫ້ອອກຟຸ່ມ
pollen	(n) 	 ເກສອນ
pollen	(n) 	 ເກສອນດອກໄມ້, ການປະສົມເກສອນດອກໄມ້
pollen bastket 	 ກະຕ່າເກັບເກສອນທີ່ຂາຫຼັງ
pollen grains	(n) 	 ລະອອງເກສອນ
pollinate	(n) 	 ປະສົມເກສອນດອກໄມ້
pollution	(n) 	 ມົນລະພາວະ, ມົນລະພິດ
pomegranate 	 ໝາກພິລາ
pomelo, shaddock 	 ໝາກພຸກ, ໝາກສົ້ມໂອ
pond 	 ສະນໍ້າ
pond	(n) 	 ບຶງ, ໜອງ
pond bank 	 ຄູສະປາ
pool	(n) 	 ອ່າງນໍ້າ
poor	(adj) 	 ທຸກ, ທຸກຍາກ, ບໍ່ສົມບູນ
population	(n) 	 ພົນລະເມືອງ, ປະຊາຊົນ, ປະຊາກອນ
population dynamics	(n) 	 ການເໜັງຕີງຂອງປະຊາກອນ
possess	(v) 	 ເປັນເຈົ້າຂອງ
possession	(n) 	 ຄວາມເປັນເຈົ້າຂອງ, ເຄື່ອງຂອງຂອງຕົນ
post	(n) 	 ເສົາ, ຕໍາແໜ່ງ
post office	(n) 	 ຫ້ອງການໄປສະນີ
post-harvest 	 ພາຍຫຼັງການເກັບກ່ຽວ
pot	(n) 	 ໝໍ້
potassium 	 ທາດໂປແຕສຊຽມ
potassium	(n) 	 ທາດໂປແຕສຊຽມ
potassium deficiency 	 ການຂາດທາດໂປແຕສຊຽມ
potato 	 ມັນຝຣັ່ງ
potato 	 ມັນຝຣ່ັງ
potato	(lrish potato) 	 ມັນຝະລັ່ງ
pothole	(n) 	 ຂຸມ, ຫຼຸມ
poultry	(n) 	 ສັດປີກ
pound	(v) 	 ຕໍາ, ຕໍາໃຫ້ມຸ່ນ
pour	(v) 	 ຖອກ, ເທ
pour over	(v) 	 ລາດ, ເທ
powder	(n) 	 ແປ້ງ, ຝຸ່ນ
power	(n) 	 ອໍານາດ, ກໍາລັງ
power drill 	 ສະຫວ່ານໄຟຟ້າ
power planer 	 ກົບໄມ້ທີ່ໃຊ້ໄຟຟ້າ
power saw 	 ຈັກເລື່ອຍ
power tiller	(iron buffalo) 	 ລົດໄຖນາເດີນຕາມ
power tiller	(iron buffalo) 	 ໄຖນາເດີນຕາມ
praying mantis 	 ແມງມ້າ
precipitation	(n) 	 ນໍ້າໃນຊັ້ນບັນຍາກາດເຊັ່ນ: ຝົນ, ສະໂນ ແລະ
precipitation	(n) 	 ລະບົບນໍ້າຝົນ
preference ranking	(n) 	 ການຈັດລຽງລໍາດັບສິ່ງທີ່ມັກ
pregnant	(adj) 	 ຕັ້ງທ້ອງ, ຖືພາ
pregnant	(adj) 	 ຖືພາ, ມີລູກ, ຕັ້ງຄັນ
prepare	(v) 	 ກະກຽມ, ຕຽມ
preserve	(v) 	 ເຮັດໃຫ້ເກັບໄວ້ໄດ້ດົນ (ອາຫານກະປ໋ອງ)
president 	 ປະທານ
president	(n) 	 ປະທານ, ປະທານາທິບໍດີ
prevent	(v) 	 ປ້ອງກັນ
price at the farm gate	(n) 	 ລາຄາໃນບ່ອນຜະລິດ
prickly pear 	 ໝາກໜອດ
priest	(n) 	 ພະ, ພະສົງ
private	(n, adj) 	 ສ່ວນຕົວ, ເອກະຊົນ
problem	(n) 	 ບັນຫາ
problem analysis	(n) 	 ການວິເຄາະບັນຫາ
product	(n) 	 ຜົນຜະລິດ
production forest	(n) 	 ປ່າຜະລິດ
productivity	(n) 	 ຜະລິດຕະພາບ
profit 	 ກໍາໄລ
profit	(to make) 	 (ສ້າງ) ກໍາໄລ
program	(n) 	 ໂຄງການ, ແຜນການ
progress	(n) 	 ຄວາມກ້າວໜ້າ, ຄວາມຄືບໜ້າ
prolong	(v) 	 ຢືດ, ຕໍ່
promise	(n) 	 ສັນຍາ
promote	(v) 	 ສົ່ງເສີມ, ສະໜັບສະໜຸນ
propagate	(v), breed (n) 	 ຂະຫຍາຍພັນ
propagation, plant propagation 	 ການຂະຫຍາຍພັນ
property rights system	(n) 	 ລະບົບກໍາມະສິດຊັບສິນ
protect	(v) 	 ຄຸ້ມຄອງ
protection	(n) 	 ການປ້ອງກັນ
protein	(n) 	 ໂປຣຕີນ
prototype	(n) 	 ເຄົ້າຕະກຸນ
provenance	(n) 	 ຖິ່ນກໍາເນີດ
provide	(v) 	 ຈັດຫາ, ຈັດຕຽມ, ໃຫ້
province	(n) 	 ແຂວງ
provincial C.D officer 	 ພັດທະນາກອນແຂວງ
provision	(n) 	 ການຈັດຕຽມໄວ້, ການຈັດຫາ
provisional title	(n) 	 ຕໍາແໜ່ງຊົ່ວຄາວ
pruning 	 ການແຕ່ງກິ່ງ
pruning	(n) 	 ການຕັດກີ່ງ, ຕັດງ່າຕົ້ນໄມ້
public	(n) 	 ສາທາລະນະ
puddle	(v) 	 ພວນດິນ, ບວກນໍ້າ
pull	(v) 	 ດຶງ
pull net 	 ດາງ
pull up	(v) 	 ດຶງຂື້ນ
pull up a seedling	(v) 	 ຫຼົກກ້າ
pulley	(n) 	 ໝາກລໍ້, ລໍ້ສໍາລັບແລ່ນສາຍພານ
pulp	(v) 	 ບົດ (ເຮັດໃຫ້ມຸ່ນລະອຽດ), ສີ່ງທີຖືກບົດ
pulper	(n) 	 ເຄື່ອງບົດ
pump	(v, n) 	 ສູບນໍ້າ, ຈັກສູບນໍ້າ
pumpkin 	 ໝາກອຶ
puncture	(v) 	 ເຈາະ, ແທງ
pupa	(chrysalis) 	 ດັກແດ້
pure breed 	 ພັນແທ້
pure breed	(n) 	 ພັນແທ້ (ສັດ), ພັນບໍລິສຸດ
purpose	(n) 	 ຈຸດປະສົງ
pus	(n) 	 ໜອງ, ເປັນໜອງ (ບາດແຜ)
put in	(v) 	 ໃສ່, ເອົາໃສ່
putrid	(adj) 	 ເໝັນເນົ່າ, ເໝັນບູດ
pylon	(n) 	 ເສົາໄຟຟ້າ
pythium	(fungus causing 	 ໂລກເນົ່າເປື່ອຍ ເຊື້ອເຫັດທໍາລາຍຕົ້ນໄມ້
quail	(n) 	 ນົກກະທາ
quality	(n) 	 ຄຸນນະພາບ
quarantine	(n) 	 ການກັກບໍລິເວນ (ເພາະມີໂລກຕິດຕໍ່)
quarry	(n) 	 ບໍ່ ຫຼື ບ່ອນທີ່ລະເບີດເອົາຫີນມາໃຊ້
quarter	(n) 	 ໜື່ງໃນສີ່, ສ້ຽວ, ໜື່ງສ່ວນສີ່, ໄຕມາດ
quartz	(n) 	 ຫີນຄວາດ
quay	(n) 	 ທ່າເຮືອ
queen	(n) 	 ລາຊີນີ
queen	(queen bee) 	 ເຜີ້ງແມ່
queen cell 	 ຊ່ອງເຜີ້ງແມ່
quiet	(adj) 	 ງຽບ
quite	(adj) 	 ອີ່ຫຼີ, ແທ້, ຂ້ອນຂ້າງ
quota	(n) 	 ສ່ວນທີ່ກໍານົດໃຫ້
rabbies 	 ໂລກຢ້ານນໍ້າ, ໂລກວໍ້
rabbit 	 ກະຕ່າຍ
radio	(n) 	 ວິທະຍຸ
rafter	(n) 	 ຄົນລ່ອງແພ
ragged stunt 	 ພະຍາດໃບບິດບ້ຽວ
rain	(n, v) 	 ຝົນ, ຝົນຕົກ
rainfall	(n) 	 ປະລິມານນໍ້າຝົນ
rainfed	(crops etc) 	 ຜົນລະປູກທີ່ອາໄສນໍ້າຝົນທໍາມະຊາດ
rainwater	(n) 	 ນໍ້າຝົນ
raise	(v) 	 ຂື້ນ, ຍົກ, ລ້ຽງ
rake 	 ຄາດ
rake	(v) 	 ຄາດ
rambi, sour berry 	 ໝາກໄຟ
rambutan 	 ໝາກເງາະ
ramie 	 ປ່ານຣາມິ
ranch	(n) 	 ຄອກສັດ, ທົ່ງລ້ຽງສັດ
range	(n) 	 ທິວທັດ
ranger	(n) 	 ພະນັກງານຮັກສາປ່າໄມ້
rasp 	 ເຫຼັກຕະໃບຖູໄມ້
rat	(n) 	 ໜູໃຫຍ່, ໜູພຸກ
ratchet 	 ເຟືອງແຂ້ວລໍ້ລົດ, ແຂ້ວເຟືອງໝູນທາງດຽວ
ration 	 ອັດຕາສ່ວນ
ratoon	(a new shoot after cropping) 	 ໜໍ່ໄມ້ທີ່ເກີດຈາກຮາກທີ່ຕົ້ນຖືກຕັດ,
rattan 	 ຫວາຍ
ravage	(pests ravaged the crop etc) 	 ລຸກລາມ, ທໍາລາຍພືດປູກ
ravine	(n) 	 ໜ້າຜາ, ພູຜາເລິກ
raw	(adj) 	 ດິບ
raw material	(n) 	 ວັດຖຸດິບ
ready	(adj, adv) 	 ສໍາເລັດ, ພ້ອມ
reap	(v) 	 ເກັບກ່ຽວ
reaping machine	(n) 	 ເຄື່ອງເກັບກ່ຽວ
rear udder 	 ເຕົ້ານົມຫຼັງ
receipt 	 ໃບຮັບ, ການຮັບ
record	(v) 	 ບັນທຶກ
recover	(v) 	 ຟື້ນຄືນສູ່ສະພາບເກົ່າ
red ant 	 ມົດແດງ
red mite 	 ໄຮແດງ
reduce	(v) 	 ຫຼຸດ, ຫຼຸດຜ່ອນ
reforestation	(n) 	 ການຟື້ນຟູປ່າ
reform	(v) 	 ປະຕິຮູບ
refund 	 ຊໍາລະຄືນ, ເງີນທີ່ໃຫ້ຄືນ
refuse	(garden rubbish etc) 	 ຂີ້ເຫຍື້ອ
refuse disposal	(n) 	 ກໍາຈັດ ຫຼື ທໍາລາຍຂີ້ເຫຍື້ອ
region	(n) 	 ເຂດ, ຍ່ານ, ພາກ
regional	(adj) 	 ພູມີພາກ
registered seed	(n) 	 ເມັດພັນລົງທະບຽບ
regulation	(n) 	 ກົດຂໍ້ບັງຄັບ
reho	(Indian) carp 	 ປາອິນເດຍ
reimburse	(v) 	 ຈ່າຍຄືນ, ເບີກຄືນ
relative	(adj) 	 ປຽບທຽບກັນ
relatively	(adj) 	 ໂດຍປຽບທຽບ
relay cropping	(n) 	 ການປູກພືດຊອນ
release	(v) 	 ອອກຈໍາໜ່າຍ, ອອກນໍາໃຊ້ (ແນວພັນ)
religion	(n) 	 ສາສະໜາ
remedy	(n) 	 ການຮັກສາໂລກ, ການຮັກສາພະຍາດ
remind	(v) 	 ເຕືອນ, ບອກ
remote areas	(n) 	 ເຂດຫ່າງໃກສອກຫຼີກ
repair	(v) 	 ສ້ອມແປງ
repay 	 ການຈ່າຍຊໍາລະ
repel	(v) 	 ຂັບໄລ່
replenish	(v) 	 ເຕີມ
replication	(n) 	 ຊໍ້າ (ສໍາລັບການທົດລອງ)
reporter 	 ຜູ້ບັນທຶກ, ຜູ້ລາຍງານ 
representative	(n) 	 ຜູ້ແທນ, ຕົວແທນ
reproduction	(n) 	 ການສືບພັນ, ການແຜ່ພັນ
research	(v, n) 	 ຄົ້ນຄວ້າ, ການຄົ້ນຄວ້າ
reservoir	(n) 	 ອ່າງເກັບນໍ້າ
resettle	(v) 	 ຕັ້ງຖີ່ນຖານໃໝ່
resin 	 ຢາງໄມ້, ຂີ້ຊີ
resin	(n) 	 ຢາງໄມ້
resist	(v) 	 ຕໍ່ຕ້ານ
resistant	(adj) 	 ຕ້ານທານ
resolving sprinkler 	 ເຄື່ອງໂຮຍແບບໝູນປີ່ນ
result	(n) 	 ຜົນໄດ້ຮັບ
retailer	(n) 	 ຜູ້ຂາຍຍ່ອຍ
revolving fund	(n) 	 ທຶນໝູນວຽນ
rhythm	(n) 	 ຈັງຫວະ
ribs 	 ຂ້າງ
ribs	(n) 	 ກະດູກຂ້າງ
rice 	 ເຂົ້າ
rice	(n) 	 ເຂົ້າ
rice bean 	 ຖົ່ວແດງ
rice bran 	 ຮໍາ
rice bran	(n) 	 ຮໍາ
rice bug 	 ແມງແຄງຍາວ
rice delphacid 	 ເພ້ຍຈັກຈັ່ນເຕັ້ນ
rice farmer	(n) 	 ຊາວນາ
rice field	(n) 	 ທົ່ງນາ
rice field bund 	 ຄັນນາ
rice field crab 	 ປູນາ
rice field crab	(n) 	 ກະປູນາ
rice huller	(n) 	 ເຄື່ອງສີເຂົ້າ, ເຄື່ອງປອກເປືອກໝາກໄມ້
rice husk 	 ແກບ
rice mill	(n) 	 ໂຮງສີເຂົ້າ
rice plant	(including seeds) 	 ຕົ້ນເຂົ້າ
rice skipper 	 ແມງກະບີ້ບິນໄວ
rice straw 	 ເຟືອງ
rich	(adj) 	 ລໍ້າລວຍ, ອຸດົມສົມບູນ, ຮັ່ງມີ
riddle	(garden sieve) 	 ຕະແກງຮ່ອນດິນ
ridge	(n) 	 ສັນພູ, ຍອດພູ
rigid	(adj) 	 ແຂງກະດ້າງ
rind	(n) 	 (ເປືອກ, ໝາກໄມ້)
ring spanner 	 ເຫຼັກໃຊ້ຫັນນອດ 
ripe	(adj) 	 ສຸກ (ໃຊ້ກັບໝາກໄມ້)
ripen	(v) 	 ເຮັດໃຫ້ສຸກ
risk	(n) 	 ການສ່ຽງໄພ, ການສ່ຽງຕໍ່ອັນຕະລາຍ
river	(n) 	 ແມ່ນໍ້າ
roast	(v) 	 ປີ້ງ, ຢ້າງ
rock	(n) 	 ກ້ອນຫີນ, ໂງ່ນຫີນ
rocket festival 	 ບຸນບັ້ງໄຟ
rod	(v) 	 ປຸ້ນ, ຈີ້
rodenticide 	 ຢາເບື່ອໜູ, ສານຂ້າໜູ
role	(n) 	 ພາລະບົດບາດ
roof	(n) 	 ຫຼັງຄາ
roof of mouth	(n) 	 ເພດານປາກ
root	(n) 	 ຮາກ (ພືດ)
root plants	(n) 	 ພືດເປັນຫົວ
root rot 	 ໂລກຮາກເນົ່າ
root-knot nematode 	 ຂີ້ກະເດືອນຝອຍຮາກປົມ
rooting a cutting 	 ເຮືອນເພາະຊໍາ
roots	(n) 	 ຮາກ
rope	(n) 	 ເຊືອກ
rose apple 	 ໝາກຈຽງ, ໝາກກຽງ
rose apple	(n) 	 ໝາກຈຽງ, ໝາກຊົມພູ້
roselle 	 ສົ້ນພໍດີ
rot	(v) 	 ເນົ່າ, ເປື່ອຍ
rot	(v, n) 	 ເນົ່າ
rotten fish	(fermented fish) 	 ປາແດກ
rough	(adj) 	 ຫຍາບ, ບໍ່ລຽບ
roughage 	 ອາຫານຫຍາບ
roughage	(n) 	 ອາຫານຫຍາບ (ສັດ)
route	(n) 	 ທາງ, ສາຍ
row	(n) 	 ແຖວ
rubber	(n) 	 ຢາງ
rubber boot	(n) 	 ເກີບໂບກ
rule	(n) 	 ລະບຽບ, ຫຼັກການ
ruminant 	 ສັດປະເພດຄ້ຽວເອື້ອງ
ruminant	(n) 	 ສັດຄ້ຽງເອື້ອງ
rump 	 ກະໂພກ, ບັ້ນທ້າຍ
rural construction worker 	 ຊ່າງກໍ່ສ້າງ, ຊົນນະບົດ
rural sociology	(n) 	 ສັງຄົມວິທະຍາຂອງຊົນນະບົດ
rust	(n) 	 ຂີ້ໝ້ຽງ
ruzi grass 	 ຫຍ້າ ຣູຊີ
sack 	 ກະສອບ, ຖົງ
saddle	(n) 	 ອານມ້າ, ອານທີ່ນັ່ງ
safe	(i.e. place to keep money) 	 ຕູ້ນິລະໄພ, ຕູ້ເກັບຮັກສາເງີນ
safe	(to be) (adj) 	 ປອດໄພ
safeguard	(v) 	 ປົກປ້ອງ
safety	(n) 	 ຄວາມປອດໄພ
sago palm 	 ຕົ້ນສາຄູ
salad	(n) 	 ຍໍາ
saline soil 	 ດິນເຄັມ
saline soil	(n) 	 ດິນເກືອ
saliva	(spittle) (n) 	 ນໍ້າລາຍ
salt	(n) 	 ເກືອ
salt water 	 ນໍ້າເຄັມ
salt water fish 	 ປາທະເລ
salted egg	(n) 	 ໄຂ່ເຄັມ
salted fish 	 ປາເຄັມ
salted fish	(n) 	 ປາເຄັມ
salted meat	(n) 	 ຊີ້ນເຄັມ
sanaanea saman	(rain tree) 	 ຕົ້ນສາມສາ
sand	(n) 	 ຊາຍ (ດິນຊາຍ)
sandpaper 	 ກະດາດຊາຍ
sandy soil 	 ດິນຊາຍ
sanitary	(adj) 	 ສຸຂາພິບານ, ສະອາດ
sanitation	(n) 	 ການສຸຂາພິບານ
santol	(maliaceae) 	 ໝາກຕ້ອງ
sap 	 ນໍ້າລໍາລຽງໃນຮາກຂອງຕົ້ນໄມ້
sap	(n) 	 ນໍ້າຫຼໍ່ລ້ຽງໃນພືດ
sapling 	 ຕົ້ນໄມ້ອ່ອນ, ຕົ້ນໄມ້ທີ່ກໍາລັງເຕີບໂຕ
sapodilla, naseberry 	 ໝາກລະມຸດ
saturated	(adj) 	 ຊຸ່ມ
sauce	(n) 	 ນໍ້າແຈ່ວ, ນໍ້າຈີ້ມ
save	(v) 	 ເກັບຮັກສາ
savings 	 ເງີນຝາກ
savings account 	 ບັນຊີເງີນຝາກປະຍຢັດ
savings group	(n) 	 ກຸ່ມທ້ອນເງິນ, ກຸ່ມກອງທຶນ
saw	(n, v) 	 ເລື່ອຍ
saw	(n, v) 	 ເລື່ອຍ, ເລື່ອຍໄມ້ 
saw chain 	 ແຂ້ວເລື່ອຍ
saw guide 	 ໃບເລື່ອຍ 
sawmill	(n) 	 ໂຮງເລື່ອຍ
scale 	 ຊິງ 
scale 	 ເກັດ, ເກັດປາ
scale 	 ເພ້ຍຫອຍ
scarcity	(n) 	 ຄວາມຂາດແຄນ
scarecrow 	 ຫຸ່ນ, ຫຸ່ນໄລ່ກາ
scarecrow	(n) 	 ຫຸ່ນໄລ່ກາ
scattered settlement	(n) 	 ການຕັ້ງບ້ານກະແຈກກະຈາຍ
scion 	 ກິ່ງພັນດີ
scion	(n) 	 ກິ່ງຕອນ, ໜໍ່
scissors	(n) 	 ມີດຕັດ
scoop	(v) 	 ຕັກ
scorpion 	 ແມງງອດ, ແມງເງົາ
scours 	 ໂລກທ້ອງຖອກ	(ງົວ, ຄວາຍ)
scratch	(v) 	 ເກົາ, ຂີດ
screw 	 ຕະປູກຽວ
screw	(n, v) 	 ກຽວ, ຕະປູກຽວ
screwdriver 	 ເຫຼັກໄຂກວາງ
scythe 	 ເຄື່ອງຕັດຫຍ້າ
sea	(n) 	 ທະເລ
sea shell	(n) 	 ຫອຍແຄງ
season	(n) 	 ລະດູການ
secateurs 	 ມີດຕັດໃຊ້ຕັດຕອນກິ່ງໄມ້ 
secret	(n) 	 ຄວາມລັບ
secretary	(n) 	 ເລຂານຸການ
seed 	 ເມັດພືດ, ໃນພືດ, ແກ່ນ
seed	(n) 	 ເມັດ, ແກ່ນ
seed	(n) 	 ເມັດ, ແກ່ນ, ໃນ
seed bed 	 ໜານກ້າເມັດ, ໜານເພາະເມັດ
seed bed	(n) 	 ໜານກ້າ, ໜານເພາະປູກ
seed harvesting	(n) 	 ການເກັບແກ່ນພືດ
seedling 	 ຕົ້ນກ້າ, ກ້າ
seedling 	 ເບ້ຍໄມ້
seedling	(n) 	 ກ້າ, ເບ້ຍອ່ອນ
seedling nursery 	 ສວນກ້າເບ້ຍ
seeds 	 ແນວພັນ
seep	(v) 	 ຊຶມ, ຮົ່ວ
seine 	 ອວນ	(ດາງສໍາລັບຫາປາ)
seine a pond 	 ແກ່ອວນ, ລາກອວນ
selection	(n) 	 ການຄັດເລືອກພັນ
semen	(n) 	 ນໍ້າກາມ, ນໍ້າອະສຸຈິ
semi-permanent cultivation	(n) 	 ການກະສິກໍາແບບເຄີ່ງຖາວອນ
senat siam 	 ປາສະຫຼິດ
send	(v) 	 ສົ່ງ
sensitive	(adj) 	 ມີຄວາມຮູ້ສຶກໄວ, ອ່ອນໄຫວງ່າຍ
sepal	(n) 	 ກີບລ້ຽງ, ເປືອກຫຸ້ມຂອງດອກໄມ້ກ່ອນບານ
separate	(v) 	 ແຍກ
sesame 	 ໝາກງາ, ງາ
sesban 	 ດອກແຄຂາວ
sesbania grandiflora 	 ກົກແຄ
set fruit	(v.) 	 ອອກໝາກ, ເປັນໝາກ
set up	(n) 	 ຕິດຕັ້ງ
settled farmers	(n) 	 ຊາວກະສິກອນມີຖິ່ນຖາວອນ
sewage	(n) 	 ນໍ້າໂສໂຄກ, ນໍ້າເປື້ອນ
sewer	(n) 	 ທໍ່ລະບາຍນໍ້າໂສໂຄກ, ນໍ້າເປື້ອນ
sex	(n) 	 ເພດ
shade	(v) 	 ຮົ່ມ
shade	(v) 	 ເງົາ, ຮົ່ມ
shady tree	(n) 	 ໄມ້ຮົ່ມ
shaft	(n) 	 ກ້ານ (ໃບໄມ້)
shallot 	 ຫອມແດງ
shallow	(adj) 	 ຕື້ນ (ບໍ່ເລິກ)
shank 	 ໜ້າແຄ່ງ 
share	(v) 	 ເລຂາ
share	(v, n) 	 ແບ່ງ, ປັນ, ສ່ວນແບ່ງ, ຫຸ້ນສ່ວນ
sharp	(adj) 	 ຄົມ
shears 	 ມີດຕັດ
sheath blight 	 ພະຍາດກາບໃບແຫ້ງ
sheath rot 	 ພະຍາດກາບໃບເນົ່າ
sheep	(n) 	 ແກະ
shelf	(v) 	 ຖ້ານໃສ່ເຄື່ອງ
shifting cultivation	(n) 	 ການເຮັດໄຮ່ເລື່ອນລອຍ
shoot, rhizome, stolon	(n) 	 ໜໍ່, ແໜງ
short	(adj) 	 ສັ້ນ
short-horned grasshopper 	 ຕັກແຕນໜວດສັ້ນ
shoulder 	 ໄຫຼ່
shovel 	 ຊວ້ານ
shovel	(n) 	 ຊວ້ານ
show	(v) 	 ສະແດງ
shrimp	(n) 	 ກຸ້ງນ້ອຍ
shrimp paste	(n) 	 ກະປິ
shrimp paste sauce	(n) 	 ນໍ້າພິກ
shrivel	(v) 	 ແຫ່ວແຫ້ງ, ເຮັດໃຫ້ແຫ້ງ
shrub	(n) 	 ຟຸ່ມໄມ້
sick	(to be) 	 ຮາກ, ອາຈຽນ
sickle 	 ກ່ຽວ
side	(n) 	 ຂ້າງ
significant	(adj) 	 ສໍາຄັນ
silage 	 ຫຍ້າໝັກສໍາລັບສັດກີນໃນລະດູແລ້ງ
silage	(n) 	 ຫຍ້າໝັກ, ຫຍ້າສົດໝັກໄວ້ເປັນອາຫານສັດ
silk cloth	(n) 	 ຜ້າໄໝ
silk raising	(n) 	 ການລ້ຽງມ້ອນ
silk reeling machine	(n) 	 ເຄື່ອງສາວໄໝ
silk thread	(n) 	 ສາຍໄໝ
silk work tray	(n) 	 ກະດົ້ງລ້ຽງມ້ອນ
silk worm	(n) 	 ໂຕມ້ອນ
silo 	 ບ່ອນມ້ຽນຫຍ້າ ຫຼື ເຟືອງເພື່ອເປັນຫຍ້າໝັກ
silo	(n) 	 ບ່ອນມ້ຽນຫຍ້າ ຫຼື ເຟືອງ ເພື່ອເປັນຫຍ້າໝັກ
silscon deficiency 	 ການຂາດທາດຊີລີຄອນ
silt 	 ດິນຕົມ, ດິນຕະກອນ
silt	(n) 	 ດິນຕົມ
silt	(n) or sediment 	 ຕະກອນ
silver	(n, adj) 	 ເງິນ, ທາດເງິນ
silver carp 	 ປາຫຼີອື້
silvopastrial system	(n) 	 ລະບົບການລ້ຽງສັດ ແລະ ປ່າໄມ້
similar	(adj) 	 ຄ້າຍກັນກັບ
simultaneous	(adj) 	 ພ້ອມກັນ
sing	(v) 	 ຮ້ອງເພງ
sire	(n) 	 ສັດພໍ່ພັນ (ສັດສີ່ຕີນ)
situate	(v) 	 ຕັ້ງຢູ່
situation	(n) 	 ສະຖານະການ
situation-specific analysis	(n) 	 ການວິເຄາະສະຖານະການພິເສດ
size	(adj) 	 ຂະໜາດ
skill	(n) 	 ທັກສະ, ຄວາມຊໍານານ
skin	(n) 	 ໜັງ (ສັດ)
skull	(n) 	 ກະໂຫຼກຫົວ
slash and burn 	 ການຖາງປ່າເຮັດໄຮ່
slated rotten fish	(fermented fish) 	 ປາແດກ
slaughter	(n) 	 ການຂ້າ, ຂ້າສັດ
slaughter house	(n) 	 ໂຮງຂ້າສັດ
slice	(v) 	 ຝານ, ປາດ
slope 	 ດິນຄ້ອຍຊັນ
slope	(n) 	 ເນີນ, ທາງລາດ, ເຄື່ອນໄປ
sludge	(soft mud or mire) (n) 	 ກ້ອນຕົມໜຽວ, ຂີ້ຕະກອນດິນ
slug	(n) 	 ທາກ, ຫອຍຊະນິດໜື່ງ
slurry	(liquid waste from farm animals) 	 ນໍ້າເປື້ອນຄອກສັດທີ່ໃຊ້ເປັນຝຸ່ນ
small brown planthopper 	 ເພ້ຍຈັກຈັ່ນສີນໍ້າຕານຂະໜາດນ້ອຍ
smoke	(n) 	 ຄວັນ
smoker 	 ເຄື່ອງພົ່ນຄວັນ
snail	(n) 	 ຫອຍໂຂ່ງ
snake head fish 	 ປາຄໍ່
snake-fruit 	 ໝາກກະລໍ່າ
snout 	 ດັງ
snout	(n) 	 ດັງສັດ
soft wood	(n) 	 ໄມ້ເນື້ອອ່ອນ
soil 	 ດິນ
soil	(n) 	 ດິນ
soil auger 	 ເຄື່ອງເຈາະດິນ
soil auger	(n) 	 ເຄື່ອງເຈາະດິນ
soil concervation 	 ການອານຸລັກດິນ
soil erosion	(as from gradual rain) 	 ການເຊາະລ້າງຂອງດິນ
soil erosion	(as from rainwater) 	 ການພັງຂອງດິນ
soil erosion	(as in gully erosion or 	 ການກັດເຊາະຂອງດິນ
soil fauna 	 ຈຸລະພຶກ
soil fertility 	 ຄວາມອຸດົມສົມບູນຂອງດິນ
soil from the bottom of a hole 	 ດິນກົ້ນຂຸມ
soil low in nutrients	(laymen’s term) 	 ດິນຈືດ
soil map	(n) 	 ແຜນທີ່ດິນ
soil organic matter 	 ທາດບໍາລຸງດິນ
soil preparation	(n) 	 ການຕຽມດິນ
soil samples 	 ຕົວຢ່າງດິນ
soil structure 	 ໂຄງສ້າງຂອງດິນ
soil structure	(n) 	 ໂຄງສ້າງຂອງດິນ
soil survey	(n) 	 ການສໍາຫຼວດດິນ
soil texture	(n) 	 ເນື້ອຂອງດິນ
soil water	(n) 	 ນໍ້າໃນດິນ
solar energy	(n) 	 ພະລັງງານໄຟຟ້າຈາກດວງອາທິດ
sorghum 	 ເຂົ້າຝ້າງ
sorghum 	 ເຂົ້າຝ້າງ
sorghum	(n) 	 ເຂົ້າຝ້າງ
sorry	(adj) 	 ເສຍໃຈ
sort	(n, v) 	 ຊະນິດ, ຄັດເລືອກ
south	(n) 	 ທິດໃຕ້
sow	(n) 	 ໝູແມ່, ໝູສາວ
sow	(v) 	 ຫວ່ານ
soy bean 	 ຖົ່ວເຫຼືອງ
spade 	 ສຽມ
spanner 	 ກະແຈໄຂກຽວ
spawn 	 ອອກໄຂ່
special grade officer 	 ຂ້າລັດຖະການຊັ້ນພິເສດ
specialist	(n) 	 ຜູ້ຊ່ຽວຊານ
spell	(v) 	 ສະກົດ
spice	(n) 	 ເຄື່ອງເທດ
spider 	 ແມງມຸມ
spider mite 	 ໄຮແມງມຸມ
spillway 	 ຝາຍນໍ້າລົ້ນ
spinach 	 ຜັກຫົມ, ຜັກຫົມຈີນ
splash erosion	(n) 	 ການເຊາະເຈື່ອນແບບພົ້ງກະຈາຍຂອງດິນ
split	(n) 	 ຜ່າ, ແບ່ງ
sponge gourd, loofah 	 ໝາກບວບ, ໝາກນອຍ
spore	(n) 	 ໜ່ວຍກໍາເນີດຂອງພືດ
sports	(n) 	 ກິລາ
spot	(n) 	 ຈຸດ
spray	(formal) (n) 	 ພົ່ນ, ສີດ
spray gun 	 ບັ້ງສີດ, ບັ້ງພົ່ນ
sprayer 	 ເຄື່ອງພົ່ນຢາ
sprayer	(n) 	 ເຄື່ອງພົ່ນ
spraying	(n) 	 ການສີດຢາໃຫ້ພືດ
spread	(v) the stone 	 ຖົມຫີນ, ຫວ່ານຫີນ
sprinkler 	 ເຄື່ອງໂຮຍ
sprout	(n, v) 	 ໜໍ່ທີ່ປົ່ງໃໝ່, ງອກ
stabilize	(v) 	 ເຮັດໃຫ້ຄົງຕົວ
stable	(adj) 	 ຄົງຕົວ
stagnate	(v) 	 ຢຸດນີ້ງ
stakeholder approach	(n) 	 ວິທີເຮັດໃຫ້ມີຜົນປະໂຫຍດຮ່ວມກັນ
stalk	(n) 	 ກ້ານ (ໃບໄມ້)
stamen	(n) 	 ເກສອນຜູ້
stamen	(n) 	 ເກສອນຜູ້
standing timber 	 ໄມ້ຢືນຕົ້ນ
staple	(n) 	 ສໍາຄັນ, ເປັນຫຼັກ
star	(n) 	 ດາວ
star fruit, caramba 	 ໝາກເຟືອງ
starch	(n) 	 ອາຫານປະເພດແປ້ງ
starvation	(n) 	 ຄວາມອຶດຫີວ
starve	(v) 	 ອົດ, ອົດຢາກ, ອຶດຢາກ
stay permanently 	 ຢູ່ຖາວອນ
steal	(v) 	 ຂີ້ລັກ, ຂະໂມຍ
steam	(n) 	 ອາຍນໍ້າ
steel	(n) 	 ເຫຼັກກ້າ
steep	(adj) 	 ຊັນ (ສູງຊັນ)
steep	(adj) 	 ຊັນ, ສູງຊັນ
steep	(v), saturate) 	 ແຊ່ໃຫ້ຊຸ່ມ
stem	(n) 	 ຕົ້ນ, ລໍາຕົ້ນ
stem nematode 	 ຂີ້ກະເດືອນຝອຍກໍຕົ້ນ
stem rot 	 ພະຍາດລໍາຕົ້ນເນົ່າ
stem, trunk	(n) 	 ລໍາຕົ້ນ, ຕົ້ນ
stemp borers 	 ດ້ວງກໍ
step	(n) 	 ຂັ້ນຕອນ, ດັບ
sterile	(adj) 	 ເປັນໝັນ
sterility	(n) 	 ເປັນໝັນ
sterilize	(v) 	 ເຮັດໃຫ້ເປັນໝັນ
stillborn	(n) 	 ຕາຍກ່ອນເກີດ
sting	(v, n) 	 ຕອດ, ໄລ (ເຜີ້ງ, ຕໍ່)
sting	(v, n) 	 ຕອດ, ໄລເຜີ້ງ
stink	(v, n) 	 ເໝັນ, ຄວາມເໝັນເນົ່າ
stink bug, shield bug 	 ຈຸຈີ່ເໝັນ
stock 	 ຕົ້ນຕໍໄມ້
stock	(v) 	 ເກັບໄວ້, ແຮໄວ້
stock a fish pond	(v) 	 ປ່ອຍລູກປາ
stomach	(n) 	 ກະເພາະ
stone	(n) 	 ກ້ອນຫີນ
storage	(n) 	 ບ່ອນເກັບມ້ຽນ, ສາງ
storage cell 	 ຊ່ອງເກັບນໍ້າເຜີ້ງທີ່ມີເກສອນດອກໄມ້ພາຍໃນ
store	(v) 	 ເກັບ, ເກັບຮັກສາ
store	(v) 	 ເກັບໄວ້, ເກັບມ້ຽນໄວ້, ສະສົມ
storm	(n) 	 ລົມພາຍຸ
stove	(n) 	 ເຕົາໄຟ
strain	(n) 	 ການປະສົມຂ້າມສາຍເລືອດ
strainer 	 ເຄື່ອງຕອງ, ເຄື່ອງກັ່ນ
strange	(adj) 	 ແປກປະຫຼາດ
straw	(rice) (n) 	 ເຟືອງ
straw	(used for drinking) 	 ຫຼອດ (ດູດ)
stray	(v, n) 	 ຫຼົງທາງ, ສັດຫຼົງທາງ
stream	(n) 	 ສາຍນໍ້າ, ລໍາທານ
strees 	 ຄວາມແຕກຕື່ນ
stress	(n) 	 ພາວະຮ້ອນ, ຄວາມກົດດັນ
stress-tolerant cultivars 	 ແນວພັນທົນຕໍ່ສະພາບແວດລ້ອມ
string	(n) 	 ເຊືອກ
strip 	 ພະຍາດໃບຂີດ
strip cropping	(n) 	 ການປູກພືດເປັນແຖບ
strip cropping	(n) 	 ການປູກພືດເປັນແລວ
stubble	(n) 	 ຕໍ, ຕໍເຟືອງເຂົ້າ
study	(v, n) 	 ສຶກສາ, ຄົ້ນຄວ້າ
study trip	(n) 	 ທັດສະນະສຶກສາ
stump	(n) 	 ຕໍໄມ້
stunted	(adj) 	 ເຕີບໂຕບໍ່ປົກກະຕິ (ພືດ, ຄົນ)
stylo	(stylosanthes guianensis) 	 ຖົ່ວສະໄຕໂລ
submerge	(v) 	 ຈົມ, ຈົມຢູ່ພື້ນນໍ້າ
subsidy	(n) 	 ເງິນອຸດໜູນ
subsist	(v) 	 ລ້ຽງຊີບແບບພໍພຽງ
subsistence	(n) 	 ການດໍາລົງຊີວິດແບບພໍພຽງ
subsistence agriculture	(n) 	 ການກະສິກໍາເພື່ອການລ້ຽງຊີບ
subsoil	(n) 	 ດິນຊັ້ນລຸ່ມ
substitute	(v) 	 ປ່ຽນແທນ
success	(n) 	 ຄວາມສໍາເລັດ
sucker, rhizome	(n) 	 ເຫງົ້າ
suffocate	(v) 	 ເຮັດໃຫ້ຫາຍໃຈຝືດ
sugar	(n) 	 ນໍ້າຕານ
sugar apple, sweet-sop 	 ໝາກຂຽບ
sugar beet 	 ຫົວຜັກກາດຫວານ
sugar cane 	 ອ້ອຍ
sugar cane	(n) 	 ອ້ອຍ
sugar palm 	 ຕົ້ນຕານ
sugar pea 	 ຖົ່ວລັນເຕົາ
suitable	(adj) 	 ເໝາະສົມ, ແທດເໝາະ
sulfur deficiency 	 ການຂາດທາດຊູນເຟີ
sump	(n) 	 ບໍ່ສໍາລັບເກັບນໍ້າມັນ, ອ່າງນໍ້າມັນເຄື່ອງ
sun	(n) 	 ພະອາທິດ, ຕາເວັນ
sunhemp 	 ປໍເທືອງ
superintendent	(n) 	 ຜູ້ດູແລ, ຜູ້ອໍານວຍການ
supplementary feed 	 ອາຫານເສີມ
supplementary food	(n) 	 ຫົວອາຫານ, ອາຫານເສີມ
support	(v) 	 ສະໜັບສະໜູນ, ຊ່ວຍເຫຼືອ
survey	(v) 	 ສໍາຫຼວດ
survey	(v) 	 ສໍາຫຼວດ
surveying tools	(n) 	 ເຄື່ອງມືສໍາຫຼວດ
surveyor	(n) 	 ນັກສໍາຫຼວດ, ຊ່າງສໍາຫຼວດ
survive	(v) 	 ມີຊີວິດລອດ, ເອົາຕົວລອດ
susceptibility	(n) 	 ຄວາມອ່ອນແອ
sustainable agricultural Production 	 ການຜະລິດກະສິກໍາແບບຍືນຍົງ
sustainable development	(n) 	 ການພັດທະນາແບບຍືນຍົງ
swallow	(n) 	 ນົກແອ່ນ
swallow	(v) 	 ກືນ
swallow’s net	(n) 	 ຮັງນົກແອ່ນ
swamp	(n) 	 ບຶງ
swamp spinach 	 ຜັກບົ້ງ
swarm	(v, n) 	 ຝູງເຜີ້ງແຍກຮັງ, ຝູງເຜີ້ງ
swarming net 	 ບ້ວງຖົງຈັບເຜີ້ງ
sweat	(v, n) 	 ເຫື່ອອອກ, ເຫື່ອ
sweet basil 	 ບົວລະພາ
sweet pepper 	 ໝາກເຜັດໃຫຍ່, ໝາກເຜັດຫວານ
sweet potato 	 ມັນດ້າງ, ມັນເທດ
sweet potato 	 ມັນເທດ, ມັນດ້າງ
sweet tamarind 	 ໝາກຂາມຫວານ
swim	(v) 	 ລອຍນໍ້າ
swine	(n) 	 ໝູ (ທົ່ວໄປ)
swine-fever	(cholera) 	 ໂລກອະຫິວາໝູ
switch 	 ຫາງ
sympathy	(n) 	 ຄວາມເຫັນໃຈ
symptom 	 ອາການ
symptom	(n) 	 ອາການ, ເຄື່ອງສະແດງ, ເຄື່ອງບອກລາງ
syndrome	(n) 	 ອາການ
syringe	(n, v) 	 ກ້ອງສັກຢາ, ສັກຢາ
system	(n) 	 ລະບົບ
systemic pesticide 	 ຢາດູດຊຶມ
tamarind 	 ໝາກຂາມ
tangerine 	 ໝາກກ້ຽງນ້ອຍເປືອກບາງ
tank	(n) 	 ຖັງ
tap	(n) 	 ກ໊ອກນໍ້າ
tap root	(n) 	 ຮາກແກ້ວ
tape measure	(n) 	 ແມັດກໍ້
tapioca cassava	(n) 	 ມັນຕົ້ນ, ມັນກໍ
taro 	 ເຜືອກ
taro	(n) 	 ເຜືອກ
taste	(v, n) 	 ທົດລອງ, ການທົດລອງ
tea	(n) 	 ນໍ້າຊາ
teak	(n) 	 ໄມ້ສັກ
technician	(n) 	 ວິຊາການ, ຜູ້ຊໍານານ
teeth	(n) 	 ແຂ້ວ
telephone	(n) 	 ໂທລະສັບ
temperate zone	(n) 	 ເຂດອົບອຸ່ນ
temperature	(n) 	 ອຸນຫະພູມ
terminal bud	(n) 	 ຍອດ
terminal bud	(n) 	 ຍອດ
termite 	 ປວກ
termite	(n) 	 ປວກ
terrace, terracing	(n) 	 ຂັ້ນໄດ, ນາຂັ້ນໄດ
terraces	(n) 	 ດິນເປັນພັກ, ດິນຂັ້ນໄດ
test-bed	(n) 	 ໜານທົດລອງ, ແປງທົດລອງ
thatch	(v, n) 	 ມຸງຫຼັງຄາ, ການມຸງຫຼັງຄາ
thief	(n) 	 ຂີ້ລັກ, ຂະໂມຍ
thigh 	 ກົກຂາ
thin	(v) 	 ຖອນ, ແຍກ, ຕັດສາງ
thinning	(n) 	 ການຕັດສາງ
thorn	(n) 	 ໜາມ
thousand year egg 	 ໄຂ່ຍ່ຽວມ້າ
thrash, thresh	(v) 	 ນວດເຂົ້າ, ຟາດເຂົ້າ
three breed crossbreed 	 ພັນສາມສາຍເລືອດ
thresh rice	(v.) 	 ນວດເຂົ້າ, ຟາດເຂົ້າ
threshing	(n) 	 ການນວດເຂົ້າ, ການຟາດເຂົ້າ, ການປັ່ນເຂົ້າ
thrips 	 ເພ້ຍໄຟ
throw	(v) 	 ຖີ້ມ
tick 	 ເຫັບ, ໂຕເຫັບ
tick	(n) 	 ເຫັບ, ໝັດ
tilapia mazambicus 	 ປາໝໍເທດ
tilapia nilotica 	 ປານິນ
till	(n) 	 ພວນດິນ
tillage	(n) 	 ການພວນດິນ
tiller 	 ຜູ້ໄຖ, ຜູ້ຂຸດດິນປູກຝັງ
tiller	(n) 	 ຄັນຖືທ້າຍເຮືອ
to get lost 	 ລືມ, ຫຼົງ, ຫຼົງທາງ
to give birth 	 ເກີດລູກ, ອອກລູກ
toad	(n) 	 ຄັນຄາກ
tobacco 	 ຢາສູບ
tobacco	(n) 	 ຢາສູບ, ຢາເສັ້ນ
toes	(n) 	 ນີ້ວຕີນ
together	(adj) 	 ດ້ວຍກັນ, ນໍາກັນ
tolerant of 	 ທົນທານຕໍ່
tolerate	(v) 	 ອົດທົນ
tomato 	 ໝາກເລັ່ນ
tongue 	 ລີ້ນ
tongue	(n) 	 ລີ້ນ
tool 	 ເຄື່ອງມື
tool	(n) 	 ເຄື່ອງມື
tooth	(n) 	 ແຂ້ວ (ສັດ)
top soil 	 ໜ້າດິນ
top soil	(n) 	 ຜິວດິນ, ໜ້າດິນ
topography	(n) 	 ພູມລັກສະນະ
torch	(n) 	 ໄຟສາຍ
torrent	(n) 	 ກະແສນໍ້າໄຫຼ
township	(n) 	 ຕາແສງ
toxic	(adj) 	 ເປັນພິດ
trace	(n) 	 ຮອຍ, ຈໍານວນໜ້ອຍ
tractor 	 ລົດໄຖ, ລົດເທຼັກເຕີ
traditional	(adj) 	 ພື້ນເມືອງ, ດັ້ງເດີມ
trailer 	 ລົດພວງຫ້ອຍຕາມ, ມອ໋ກລົດ
trailer	(n) 	 ລົດພວງ
training	(n) 	 ການຝຶກອົບຮົມ
transect walk	(n) 	 ການຍ່າງສໍາຫຼວດ
transitory yellowing 	 ພະຍາດໃບເຫຼືອງນໍ້າໝາກກ້ຽງ
transpiration 	 ໝາກຄາຍນໍ້າ
transplant	(v) 	 ດໍານາ
transplant rice seedling 	 ດໍານາ
transplanting	(n) 	 ການປັກດໍາ, ການດໍານາ
transport	(v, n) 	 ຂົນສົ່ງ, ການຂົນສົ່ງ
treasurer 	 ຄຸ້ມຄອງການເງີນ
treatment	(n) 	 ຊະນິດທົດລອງ
treble	(v) 	 ສາມເທົ່າ
tree 	 ຕົ້ນໄມ້
tree	(n) 	 ຕົ້ນໄມ້
tree stump 	 ຕໍໄມ້
trench	(n) 	 ຂຸມໃຫຍ່
trespass	(n) 	 ລ່ວງລໍ້າເຂດແດນ
tributary	(n) 	 ຫ້ວຍນໍ້າ
trimming	(n) 	 ການແຕ່ງຟຸ່ມ
tropical	(adj) 	 ອາກາດຮ້ອນ
tropics	(n) 	 ເຂດຮ້ອນ
trough	(n) 	 ຮາງ, ຮາງໃສ່ອາຫານສັດ
trowel 	 ຂອງຕັກປູນທາກໍາແພງ 
truck	(n) 	 ລົດບັນທຸກ
truck farming 	 ສວນຜັກ
trunk	(n) 	 ລໍາຕົ້ນ
tube	(n) 	 ຫຼອດ, ທໍ່
tuber, corm, bulb	(n) 	 ຫົວ (ພືດ)
tungro 	 ພະຍາດໃບສີນໍ້າໝາກກ້ຽງ
turkey 	 ໄກ່ງວງ
turmeric 	 ຂີ້ໝີ້ນ
turn	(v) 	 ໝູນກັບ, ຫັນກັບ
turn around 	 ໝູນຮອບ, ປິ່ນອ້ອມ
turn over	(v) 	 ຂວ້າມ
turn under	(v) 	 ປີ້ນດິນ, ພວນດິນ
turnip 	 ຫົວຜັກກາດ
twig	(n) 	 ກິ່ງ, ກິ່ງໄມ້
twist	(v) 	 ບິດ
type	(n) 	 ປະເພດ
type of banana 	 ຊະນິດຂອງກ້ວຍ
typhoon	(n) 	 ພະຍຸໄຕ້ຝຸ່ນ
udder 	 ນົມ	(ງົວ)
ultra heat treated mild 	 ນົມທີຜ
umbilical cord	(n) 	 ສາຍບື
umbrella	(n) 	 ຄັນຮົ່ມ
unable	(n) 	 ບໍ່ສາມາດ
unavailable water	(n) 	 ນໍ້າໃນພື້ນດິນ ທີ່ພືດ ຫຼື ຕົ້ນໄມ້ບໍ່ສາມາດດູດເຖີງ
uncontrolled cutting 	 ການບຸກເບີກເກີນຂອບເຂດ
underdeveloped countries	(n) 	 ປະເທດດ້ອຍພັດທະນາ
understorey	(n) 	 ພືດຊັ້ນລຸ່ມ
underwood	(underbrush) 	 ຕົ້ນໄມ້ນ້ອຍປົກຄຸມດິນ
ungulate	(hoofed animal) (n) 	 ສັດຈໍາພວກມີກີບຕີນ
unhusked rice 	 ເຂົ້າສານ
unhusked rice	(n) 	 ເຂົ້າເປືອກ
uniform	(adj) 	 ສະເໝີພາບ, ເທົ່າກັນ
unit	(n) 	 ໜ່ວຍ
unregulated ley farming	(n) 	 ລະບົບທົ່ງຫຍ້າລ້ຽງສັດແບບບໍ່ມີການຄວບຄຸມ
unstocked forest	(n) 	 ເຂດຂາດປ່າຊົ່ວຄາວ
until 	 ຈົນກະທັ້ງ, ຈົນເຖີງ
unweaned	(n) 	 ໄລຍະໃຫ້ນົມສັດ
upgrade	(n) 	 ປັບປຸງ, ຍົກລະດັບ
upland 	 ດິນສູງ, ທີ່ສູງ 
upland crop farmer	(n) 	 ຊາວໄຮ່
upland rice 	 ເຂົ້າໄຮ່
upper soil horizon 	 ດິນຊັ້ນເທິງ
uproot	(v) 	 ຖອນຮາກ, ຖອນເຫົ້ງາ, ລົບລ້າງ
urban	(adj) 	 ຕົວເມືອງ
urban society	(n) 	 ສັງຄົມຕົວເມືອງ
urine	(n) 	 ນໍ້າປັດສະວະ, ຍ່ຽວ
use	(v, n) 	 ນໍາໃຊ້, ການນໍາໃຊ້
usually	(adj) 	 ຕາມທໍາມະດາ
uterus	(n) 	 ມົດລູກ
vaccination	(n) 	 ການປູກວັກຊີນ
vaccine	(n) 	 ຢາວັກຊີນ ປ້ອງກັນພະຍາດ
vacuum pump	(n) 	 ເຄື່ອງດູູດສູນຍາກາດ
valley	(n) 	 ຫວ່າງພູເຂົາ, ລໍາທານ
value	(adj) 	 ຄຸນຄ່າ
valve	(n) 	 ລີ້ນ (ລີ້ນໃນຫົວໃຈ, ຄວບຄຸມການໄຫຼຜ່ານ
vanilla 	 ນໍ້າເຊື້ອກິ່ນດອກເຜີ້ງ, ພືດປະເພດກ້ວຍໄມ້
vapour or vapor	(n) 	 ອາຍນໍ້າ
variety	(n) 	 ແນວພັນ
vegetable gardening 	 ການເຮັດສວນຜັກ
vegetables	(n) 	 ຜັກ
veil 	 ໝວກຕາໜ່າງໃສ່ກັນເຜິ້ງ
veins	(n) 	 ເສັ້ນເລືອດ
vent 	 ກົ້ນ
ventilation	(n) 	 ການລະບາຍອາກາດ
verge	(n) 	 ປາກ, ຂອບ, ຂອບສຸດ
vermicide	(n) 	 ຢາຂ້າແມ່ທ້ອງ
veterinarian	(n) 	 ສັດຕະວະແພດ
vice 	 ຄີມປາກກາສໍາລັບຈັບຂອງ, ເສືອຂົບ
vice Governor	(n) 	 ຮອງເຈົ້າແຂວງ
vice-president 	 ຮອງປະທານ
vigorous	(adj) 	 ແຂງແຮງ, ເຂັ້ມແຂງ
vigour	(n) 	 ຄວາມແຂງແຮງ
village, villager 	 ບ້ານ, ຊາວບ້ານ
vine	(n) 	 ເຄືອ (ພືດປະເພດເປັນເຄືອ)
vinegar	(n) 	 ນໍ້າສົ້ມ
violet	(n) 	 ສີມ້ວງ, ສີໄວໂອເລດ, ສີອິດ
viral	(adj) 	 ເຊື້ອໄວຣັດ
virus	(n) 	 ເຊື້ອໄວຣັດ
virus	(n) 	 ເຊື້ອໄວຣັດ
visible	(adj) 	 ສາມາດເຫັນໄດ້
vitamin	(n) 	 ວິຕາມິນ (ຢາບໍາລຸງຮ່າງກາຍ)
vomit	(n) 	 ຮາກ (ອາຈຽນ)
voucher 	 ເອກະສານໃບຫຼັກຖານ
vulture	(n) 	 ແຮ້ງ, ໂຕແຮ້ງ
waist	(n) 	 ແອວ
wall	(n) 	 ກໍາແພງ, ຝາຜະໜັງ
warm	(adj) 	 ອຸ່ນ
warn	(v) 	 ເຕືອນ
warp silk	(n) 	 ໄໝເສັ້ນຢືນ
warping	(n) 	 ຂີ້ຫີນ ຫຼື ຂີ້ດິນທີ່ທັບຖົມກັນຫຼັງຈາກນໍ້າຖ້ວມ
washer 	 ແຫວນ	(ໃຊ້ກັບນອດ)
wasp 	 ຕໍ່, ໂຕຕໍ່
waste	(waste-deposal) 	 ຂີ້ເຫຍື້ອ (ເກັບຂີ້ເຫຍື້ອ)
water	(n) 	 ນໍ້າ
water buffalo	(n) 	 ຄວາຍ
water chestnut 	 ໝາກຈັບ
water conservation 	 ການອານຸລັກນໍ້າ
water harvesting	(n) 	 ການເກັບຮັກສານໍ້າ
water hyacinth 	 ຜັກຕົບ
water melon 	 ໝາກໂມ
water mimosa 	 ຜັກກະເສດ
water supply system	(n) 	 ນໍ້າປະປາ
water-level	(n) 	 ລະດັບນໍ້າ
water-soluble	(n) 	 ລະລາຍໃນນໍ້າ
water-table	(n) 	 ລະດັບນໍ້າໃຕ້ດິນ
water-wheel	(n) 	 ລະຫັດ, ກົງຫັນນໍ້າ (ໃຊ້ສໍາລັບຫົດນໍ້າເຂົ້າໃສ່ນາ)
waterfall	(n) 	 ນໍ້າຕົກ
watering can 	 ບົວຫົດນໍ້າ
watering-can	(n) 	 ບົວຫົດນໍ້າ
waterlogged	(n) 	 ດິນທີ່ມີນໍ້າບັນຈຸຫຼາຍ
watershed 	 ບໍລິເວນອ່າງໂຕ່ງ, ແຫຼ່ງນໍ້າ
watershed	(n) 	 ແຫຼ່ງນໍ້າ
watershed management 	 ການປົກປັກຮັກສາບໍລິເວນແຫຼ່ງນໍ້າ
weak	(adj) 	 ອ່ອນແອ, ເພຍ
wean	(n, v) 	 ໄລຍະເຊົານົມ, ຢ່ານົມ, ແອບໃຫ້ເຊົານົມແມ່
wean	(v.) 	 ຢ່ານົມ, ອອກນົມ
weaner	(n) 	 ສັດລ້ຽງລູກດ້ວຍນົມ
weapon	(n) 	 ອາວຸດ
weather, climate	(n) 	 ອາກາດ
weave	(v) 	 ຕໍ່າຫູກ
weed	(v, n) 	 ຫຍ້າ, ເສຍຫຍ້າ
weeding, to weed 	 ການເສຍຫຍ້າ, ເສຍຫຍ້າ
weevil 	 ດ້ວງງວງ, ແມງງວງຊ້າງ
weft	(n) 	 ດ້າຍປັ່ນກະສວຍ
weigh	(v) 	 ຊັ່ງນໍ້າໜັກ
weighing-machine	(n) 	 ເຄື່ອງຊັ່ງນໍ້າໜັກ
weight	(n) 	 ນໍ້າໜັກ
weir	(n) 	 ຝາຍ, ປະຕູນໍ້າ
well	(concrete), lined well 	 ບໍ່ຊີເມັນ, ນໍ້າສ້າງເຮັດດ້ວຍຊີເມັນ
well	(n) 	 ນໍ້າສ້າງ, ບໍ່ນໍ້າ, ສະນໍ້າ
well, pond 	 ນໍ້າສ້າງ, ໜອງສະ 
well-adapted	(adj) 	 ປັບຕົວໄດ້ດີ
west	(n) 	 ທິດຕາເວັນຕົກ
wet rice	(n) 	 ເຂົ້ານາ
wheat 	 ເຂົ້າສາລີ
wheat	(n) 	 ເຂົ້າສາລີ
wheel	(n) 	 ກົງລໍ້, ກົງກວຽນ
wheelbarrow 	 ລົດເຂັນສໍາລັບຂົນດິນ
whet	(v) 	 ເຮັດໃຫ້ຄົມ (ມີດ, ເຄື່ອງມື)
white buffalo	(n) 	 ຄວາຍດ່ອນ
whitebacked planthopper 	 ເພ້ຍຈັກຈັ່ນຫຼັງຂາວ
whorl maggot 	 ໜອນແມງວັນ 
wide	(adj) 	 ກວ້າງ
widely	(adj) 	 ຢ່າງກວ້າງຂວາງ
width	(n) 	 ຄວາມກວ້າງ
wild	(adj) 	 ປ່າດົງພົງໄພ
wildlife	(n) 	 ສັດປ່າ
wilt 	 ຫ່ຽວແຫ້ງ
wilt-to be wilting 	 ແຫ່ວ, ຫ່ຽວ
wilted	(adj) 	 ຫ່ຽວແຫ້ງ
wind	(n) 	 ລົມ
wind	(north, south…) 	 ລົມ (ເໜືອ, ໃຕ້…)
wind	(v) 	 ກໍ່ເຂົ້າກັນ, ຫັນ, ປິ່ນ
wind direction 	 ທິດທາງລົມ
windbreak 	 ແນວບັງລົມ
window	(v) 	 ປ່ອງຢ້ຽມ, ໜ້າຕ່າງ
window casing	(n) 	 ຂອບໜ້າຕ່າງ
wing	(n) 	 ປີກ
wing bean 	 ຖົ່ວພູ
winnow	(v) 	 ຝັດ
winnower	(n) 	 ເຄື່ອງຝັດ
wire	(n) 	 ລວດ
withdraw	(v) 	 ຖອນບັນຊີເງີນຝາກ, ຖອນເງີນ
wither	(v) 	 ແຫ່ວແຫ້ງ
womb	(n) 	 ມົດລູກ
women’s group 	 ກຸ່ມແມ່ຍິງ
wood	(n) 	 ໄມ້
wood haulage way, forest track 	 ທາງປ່າໄມ້, ທາງໃນປ່າ
woof silk	(n) 	 ໄໝເສັ້ນນອນ
work	(v) 	 ເຮັດວຽກ
worker 	 ເຜີ້ງງານ
worker cells 	 ຊ່ອງເຜີ້ງງານ
world	(n) 	 ໂລກ, ໜ່ວຍໂລກ
worm	(n) 	 ໜອນ
wormer	(n) 	 ຢາຂ້າແມ່ທ້ອງ
wrench	(v, n) 	 ຫັນ, ບິດ, ກະແຈເລື່ອນ
yam 	 ມັນທຶບ, ມັນມືເສືອ
yard	(measurement) 	 ຫຼາ (ວັດແທກ)
yard-long bean 	 ຖົ່ວຝັກຍາວ
yawn	(v) 	 ຫາວ (ນອນ)
yeast	(n) 	 ເຊື້ອໝັກ (ຝຸ່ນ)
yell	(v) 	 ຮ້ອງກູກ
yellow	(adj) 	 ສີເຫຼືອງ
yellow dwarf 	 ພະຍາດໃບເຫຼືອງເຕ້ຍ
yellow mottle 	 ພະຍາດໃບຂີດສີເຫຼືອງ
yellowing 	 ໃບເຫຼືອງ
yield	(v, n) 	 ໃຫ້ຜົນຜະລິດ, ຜົນຜະລິດ
yoke	(n) 	 ແອກ
yolk	(n) 	 ໄຂ່ແດງ
young	(adj) 	 ເດັກ, ອ່ອນ
young larva 	 ເຜີ້ງຕົວອ່ອນ
zero	(n) 	 ສູນ, ເລກສູນ
zero-grazing	(n) 	 ພື້ນທີ່ປອດການລ້ຽງສັດ
zigzag leafhopper 	 ເພ້ຍຈັກຈັ່ນສີລາຍປີກລາຍຊິກແຊກ
zinc	(n) 	 ທາດສັງກະສີ
zinc, deficiency 	 ການຂາດທາດສັງກະສີ
zone	(n) 	 ຂອບເຂດ, ເຂດ
zoning	(n) 	 ການແບ່ງເຂດ
zoo	(n) 	 ສວນສັດ
zoology	(n) 	 ສັດຕະສາດ
