aaron	Aaron
abel	Abel
abiathar	Abiathar
abijah	Abijah
abimelech	Abimelek
abner	Abner
abomination	abomination
abraham	Abraham
absalom	Absalom
abyss	abyss
acacia	acacia
accuse	accuse
acknowledge	acknowledge
acquit	acquit
adam	Adam
administration	administration
admonish	admonish
adonijah	Adonijah
adoption	adopt
adultery	adultery
adversary	adversary
afflict	afflict
age	age
ahab	Ahab
ahaz	Ahaz
ahaziah	Ahaziah
ahijah	Ahijah
ai	Ai
alarm	alarm
almighty	Almighty
alms	alms
altar	altar
altarofincense	altar of incense
amalekite	Amalekite
amazed	amazed
amaziah	Amaziah
ambassador	ambassador
amen	amen
ammon	Ammon
amnon	Amnon
amorite	Amorite
amos	Amos
amoz	Amoz
andrew	Andrew
angel	angel
angry	anger
anguish	anguish
annas	Annas
anoint	anoint
antichrist	antichrist
antioch	Antioch
apollos	Apollos
apostle	apostle
appoint	appoint
aquila	Aquila
arabah	Arabah
arabia	Arabia
aram	Aram
ararat	Ararat
archer	archer
ark	ark
arkofthecovenant	ark of the covenant
armor	armor
arrogant	arrogant
artaxerxes	Artaxerxes
asa	Asa
asaph	Asaph
ash	ash
ashdod	Ashdod
asher	Asher
asherim	Asherah
ashkelon	Ashkelon
asia	Asia
sleep	asleep
assembly	assembly
assign	assign
assyria	Assyria
astray	astray
athaliah	Athaliah
atonement	atonement
atonementlid	atonement lid
authority	authority
avenge	avenge
awe	awe
ax	ax
azariah	Azariah
baal	Baal
baasha	Baasha
babel	Babel
babylon	Babylon
balaam	Balaam
banquet	banquet
baptize	baptize
barabbas	Barabbas
barley	barley
barnabas	Barnabas
barren	barren
bartholomew	Bartholomew
baruch	Baruch
bashan	Bashan
basket	basket
bathsheba	Bathsheba
bear	bear
bearanimal	bear
beast	beast
beelzebul	Beelzebul
beersheba	Beersheba
beg	beg
believe	believe
beloved	beloved
benaiah	Benaiah
benjamin	Benjamin
berea	Berea
bethshemesh	Beth Shemesh
bethany	Bethany
bethel	Bethel
bethlehem	Bethlehem
bethuel	Bethuel
betray	betray
bond	bind
birthright	birthright
blameless	blameless
blasphemy	blasphemy
blemish	blemish
bless	bless
blood	blood
bloodshed	bloodshed
blotout	blot out
boast	boast
boaz	Boaz
body	body
bold	bold
bookoflife	Book of Life
bornagain	born again
bow	bow
bowweapon	bow and arrow
bread	bread
breastplate	breastplate
breath	breath
bribe	bribe
bride	bride
bridegroom	bridegroom
bronze	bronze
brother	brother
burden	burden
burntoffering	burnt offering
bury	bury
caesar	Caesar
caesarea	Caesarea
caiaphas	Caiaphas
cain	Cain
caleb	Caleb
call	call
camel	camel
cana	Cana
canaan	Canaan
capernaum	Capernaum
captive	captive
carmel	Carmel
castout	cast out
caughtup	caught up
cedar	cedar
census	census
centurion	centurion
chaff	chaff
chaldeans	Chaldeans
chariot	chariot
cherubim	cherubim
chief	chief
chiefpriests	chief priests
children	children
christ	Christ
christian	Christian
chronicles	chronicles
church	church
cilicia	Cilicia
circumcise	circumcise
citizen	citizen
cityofdavid	city of David
clan	clan
clean	clean
clothed	clothed
colossae	Colossae
comfort	comfort
command	command
commander	commander
commit	commit
companion	companion
compassion	compassion
conceive	conceive
concubine	concubine
condemn	condemn
confess	confess
confidence	confidence
confirm	confirm
conscience	conscience
consecrate	consecrate
consume	consume
contempt	contempt
corinth	Corinth
cornelius	Cornelius
cornerstone	cornerstone
corrupt	corrupt
falsewitness	corrupt witness
council	council
counselor	counsel
courage	courage
courtyard	court
covenant	covenant
covenantfaith	covenant faithfulness
cow	cow
creation	create
creature	creature
crete	Crete
criminal	crime
cross	cross
crown	crown
crucify	crucify
cry	cry
cupbearer	cupbearer
curse	curse
curtain	curtain
cush	Cush
cutoff	cut off
cypress	cypress
cyprus	Cyprus
cyrene	Cyrene
cyrus	Cyrus
damascus	Damascus
dan	Dan
daniel	Daniel
darius	Darius
darkness	darkness
daughterofzion	daughter of Zion
david	David
biblicaltimeday	day
dayofthelord	day of the Lord
deacon	deacon
death	death
deceive	deceive
declare	declare
decree	decree
dedicate	dedicate
deer	deer
defile	defile
delight	delight
delilah	Delilah
deliverer	deliver
demon	demon
demonpossessed	demon-possessed
descendant	descendant
desecrate	desecrate
desert	desert
desolate	desolate
destroyer	destroy
detestable	detest
devastated	devastated
devour	devour
discernment	discern
disciple	disciple
discipline	discipline
disgrace	disgrace
dishonor	dishonor
disobey	disobey
disperse	disperse
divination	divination
divine	divine
divorce	divorce
doctrine	doctrine
dominion	dominion
donkey	donkey
doom	doom
doorpost	doorpost
dove	dove
dream	dream
drinkoffering	drink offering
drunk	drunk
dung	dung
eagle	eagle
earth	earth
eden	Eden
edom	Edom
egypt	Egypt
ekron	Ekron
elam	Elam
elder	elder
eleazar	Eleazar
elect	elect
eliakim	Eliakim
elijah	Elijah
elisha	Elisha
elizabeth	Elizabeth
engedi	En Gedi
endure	endure
enoch	Enoch
enslave	enslave
envy	envy
ephesus	Ephesus
ephod	ephod
ephraim	Ephraim
ephrathah	Ephrathah
esau	Esau
esther	Esther
eternity	eternity
ethiopia	Ethiopia
eunuch	eunuch
euphrates	Euphrates
evangelism	evangelist
eve	Eve
evil	evil
evildoer	evildoer
exalt	exalt
exhort	exhort
exile	exile
ezekiel	Ezekiel
ezra	Ezra
face	face
faith	faith
faithful	faithful
faithless	faithless
falseprophet	false prophet
family	family
famine	famine
fast	fast
father	father
favor	favor
fear	fear
feast	feast
fellowship	fellowship
fellowshipoffering	fellowship offering
festival	festival
fig	fig
filled	filled with the Holy Spirit
fir	fir
fire	fire
firstborn	firstborn
firstfruit	firstfruit
fisherman	fishermen
flesh	flesh
flock	flock
flute	flute
foolish	fool
footstool	footstool
foreigner	foreigner
foreordain	foreknow
forgive	forgive
forsaken	forsaken
foundation	found
fountain	fountain
frankincense	frankincense
free	free
freewilloffering	freewill offering
fruit	fruit
fulfill	fulfill
furnace	furnace
gabriel	Gabriel
gad	Gad
galatia	Galatia
galilee	Galilee
gate	gate
gath	Gath
gaza	Gaza
generation	generation
gentile	Gentile
gerar	Gerar
geshur	Geshur
gethsemane	Gethsemane
giant	giant
gibeah	Gibeah
gibeon	Gibeon
gideon	Gideon
gift	gift
gilead	Gilead
gilgal	Gilgal
gird	gird
girgashites	Girgashites
glean	glean
glory	glory
goat	goat
falsegod	god
god	God
godthefather	God the Father
godly	godly
gold	gold
golgotha	Golgotha
goliath	Goliath
gomorrah	Gomorrah
good	good
goodnews	good news
goshen	Goshen
gossip	gossip
governor	governor
grace	grace
grain	grain
grainoffering	grain offering
grape	grape
greece	Greece
greek	Greek
groan	groan
guilt	guilt
guiltoffering	guilt offering
habakkuk	Habakkuk
hades	Hades
hagar	Hagar
haggai	Haggai
hail	hail
ham	Ham
hamath	Hamath
hamor	Hamor
hananiah	Hananiah
hand	hand
hang	hang
hannah	Hannah
haran	Haran
hard	hard
harp	harp
harvest	harvest
haughty	haughty
head	head
heal	heal
heart	heart
heaven	heaven
hebrew	Hebrew
hebron	Hebron
heir	heir
hell	hell
mounthermon	Hermon
herodantipas	Herod Antipas
herodthegreat	Herod the Great
herodias	Herodias
hezekiah	Hezekiah
highplaces	high place
highpriest	high priest
hilkiah	Hilkiah
hittite	Hittite
hivite	Hivite
holy	holy
holycity	holy city
holyone	Holy One
holyplace	holy place
holyspirit	Holy Spirit
honey	honey
honor	honor
hooves	hoof
hope	hope
horeb	Horeb
horn	horn
horror	horror
horse	horse
horsemen	horseman
hosea	Hosea
hoshea	Hoshea
hour	hour
biblicaltimehour	hour (biblical time)
house	house
houseofdavid	house of David
houseofgod	house of God
household	household
humble	humble
humiliate	humiliate
hypocrite	hypocrite
iconium	Iconium
image	image
imageofgod	image of God
imitate	imitate
inchrist	in Christ
incense	incense
inherit	inherit
iniquity	iniquity
innocent	innocent
inquire	inquire
instruct	instruct
integrity	integrity
intercede	intercede
interpret	interpret
written	is written
isaac	Isaac
isaiah	Isaiah
ishmael	Ishmael
israel	Israel
issachar	Issachar
jacob	Jacob
jamesbrotherofjesus	James brother of Jesus
jamessonofalphaeus	James son of Alphaeus
jamessonofzebedee	James son of Zebedee
japheth	Japheth
jealous	jealous
jebusites	Jebus
jehoiachin	Jehoiachin
jehoiada	Jehoiada
jehoiakim	Jehoiakim
jehoram	Jehoram
jehoshaphat	Jehoshaphat
jehu	Jehu
jephthah	Jephthah
jeremiah	Jeremiah
jericho	Jericho
jeroboam	Jeroboam
jerusalem	Jerusalem
jesse	Jesse
jesus	Jesus
jethro	Jethro
jew	Jew
jewishleaders	Jewish authorities
jezebel	Jezebel
jezreel	Jezreel
joab	Joab
joash	Joash
job	Job
joel	Joel
johnmark	John Mark
johntheapostle	John the apostle
johnthebaptist	John the Baptist
jonah	Jonah
jonathan	Jonathan
joppa	Joppa
joram	Joram
jordanriver	Jordan River
josephnt	Joseph (New Testament)
josephot	Joseph (Old Testament)
joshua	Joshua
josiah	Josiah
jotham	Jotham
joy	joy
judah	Judah
kingdomofjudah	Judah
judaism	Judaism
judasiscariot	Judas Iscariot
judassonofjames	Judas son of James
judea	Judea
judge	judge
judgeposition	judge
judgmentday	judgment day
justice	justice
kadesh	Kadesh
kedar	Kedar
kedesh	Kedesh
cherethites	Kerethites
kidronvalley	Kidron Valley
kin	kin
kind	kind
king	king
kingofthejews	King of the Jews
kingdom	kingdom
kingdomofgod	kingdom of God
kingdomofisrael	kingdom of Israel
kiss	kiss
know	know
korah	Korah
laban	Laban
labor	labor
laborpains	labor pains
lamb	lamb
lamech	Lamech
lament	lament
lamp	lamp
lampstand	lampstand
lastday	last day
law	law
lawofmoses	law of Moses
lawful	lawful
lazarus	Lazarus
leah	Leah
learnedmen	learned men
lebanon	Lebanon
leopard	leopard
leprosy	leper
letter	letter
levite	Levi
leviathan	Leviathan
life	life
light	light
like	like
lion	lion
livestock	livestock
locust	locust
loins	loins
lord	lord
lordyahweh	Lord Yahweh
lordssupper	Lord's Supper
lot	Lot
lots	lots
love	love
lover	lover
lowly	lowly
luke	Luke
lust	lust
lute	lute
lystra	Lystra
maacah	Maakah
macedonia	Macedonia
magic	magic
magistrate	magistrate
majesty	majesty
maker	Maker
malachi	Malachi
manofgod	man of God
manager	manager
manasseh	Manasseh
manna	manna
martha	Martha
mary	Mary
marymagdalene	Mary Magdalene
marysisterofmartha	Mary sister of Martha
matthew	Matthew
mede	Media
mediator	mediator
meditate	meditate
meek	meek
melchizedek	Melchizedek
melt	melt
member	member
memorialoffering	memorial offering
memphis	Memphis
mercy	mercy
meshech	Meshech
mesopotamia	Mesopotamia
messenger	messenger
micah	Micah
michael	Michael
midian	Midian
mighty	mighty
mind	mind
minister	minister
miracle	miracle
miriam	Miriam
mishael	Mishael
mizpah	Mizpah
moab	Moab
mock	mock
mold	mold
molech	Molech
biblicaltimemonth	month
mordecai	Mordecai
moses	Moses
mosthigh	Most High
mountofolives	Mount of Olives
mourn	mourn
multiply	multiply
myrrh	myrrh
mystery	mystery
naaman	Naaman
nahor	Nahor
nahum	Nahum
name	name
naphtali	Naphtali
nathan	Nathan
nation	nation
nazareth	Nazareth
nazirite	Nazirite
nebuchadnezzar	Nebuchadnezzar
negev	Negev
nehemiah	Nehemiah
neighbor	neighbor
newmoon	new moon
nileriver	Nile River
nineveh	Nineveh
noah	Noah
noble	noble
oak	oak
oath	oath
obadiah	Obadiah
obey	obey
official	official
offspring	offspring
oil	oil
olive	olive
omri	Omri
onhigh	on high
oppress	oppress
ordain	ordain
ordinance	ordinance
overseer	overseer
overtake	overtake
paddanaram	Paddan Aram
pagan	pagan
palace	palace
palm	palm
parable	parable
paran	Paran
partial	partial
passover	Passover
pastor	pastor
patient	patient
patriarchs	patriarch
paul	Paul
peace	peace
peaceoffering	peace offering
pentecost	Pentecost
peoplegroup	people group
peopleofgod	people of God
peor	Peor
perfect	perfect
perish	perish
perizzite	Perizzite
persecute	persecute
perseverance	persevere
persia	Persia
perverse	perverse
peter	Peter
pharaoh	Pharaoh
pharisee	Pharisee
philip	Philip
philiptheapostle	Philip
philippi	Philippi
philistia	Philistia
philistines	Philistines
phinehas	Phinehas
phonecia	Phoenicia
pierce	pierce
pig	pig
pilate	Pilate
pillar	pillar
pit	pit
plague	plague
plead	plead
pledge	pledge
plow	plow
pomegranate	pomegranate
pontus	Pontus
possess	possess
potiphar	Potiphar
power	power
praise	praise
pray	pray
preach	preach
precious	precious
predestine	predestine
prey	prey
priest	priest
prince	prince
priscilla	Priscilla
prison	prison
profane	profane
profit	profit
promise	promise
promisedland	Promised Land
prophet	prophet
propitiation	propitiation
prosper	prosper
prostitute	prostitute
prostrate	prostrate
proud	proud
proverb	proverb
province	province
provoke	provoke
prudent	prudent
psalm	psalm
puffed-up	puffed up
punish	punish
purify	pure
purple	purple
push	push
qualify	qualify
queen	queen
quench	quench
rabbah	Rabbah
rabbi	Rabbi
rachel	Rachel
rage	rage
rahab	Rahab
raise	raise
ramah	Ramah
ramoth	Ramoth
ransom	ransom
reap	reap
rebekah	Rebekah
rebel	rebel
rebuke	rebuke
receive	receive
reconcile	reconcile
redeem	redeem
reed	reed
refuge	refuge
rehoboam	Rehoboam
reign	reign
reject	reject
remnant	remnant
renown	renown
repent	repent
report	report
reproach	reproach
rest	rest
restore	restore
resurrection	resurrection
return	return
reuben	Reuben
reveal	reveal
reverence	revere
reward	reward
righthand	right hand
righteous	righteous
rimmon	Rimmon
robe	robe
rod	rod
rome	Rome
royal	royal
ruin	ruin
ruler	ruler
run	run
ruth	Ruth
sabbath	Sabbath
sackcloth	sackcloth
sacrifice	sacrifice
sadducee	Sadducee
saltsea	Salt Sea
samaria	Samaria
samson	Samson
samuel	Samuel
sanctify	sanctify
sanctuary	sanctuary
sandal	sandal
sarah	Sarah
satan	Satan
saul	Saul
save	save
savior	Savior
scepter	scepter
scribe	scribe
scroll	scroll
seaofgalilee	Sea of Galilee
redsea	Sea of Reeds
seal	seal
seed	seed
seek	seek
seize	seize
selah	selah
selfcontrol	self-control
send	send
sennacherib	Sennacherib
serpent	serpent
servant	servant
setapart	set apart
seth	Seth
fornication	sexual immorality
shadow	shadow
shame	shame
sharon	Sharon
sheba	Sheba
shechem	Shechem
sheep	sheep
shem	Shem
shepherd	shepherd
shield	shield
shiloh	Shiloh
shimei	Shimei
shinar	Shinar
shrewd	shrewd
sidon	Sidon
siege	siege
sign	sign
silas	Silas
silver	silver
simeon	Simeon
simonthezealot	Simon the Zealot
sin	sin
sinoffering	sin offering
sinai	Sinai
sister	sister
skull	skull
slain	slain
slander	slander
slaughter	slaughter
snare	snare
snow	snow
sodom	Sodom
solomon	Solomon
son	son
sonofgod	Son of God
sonofman	Son of Man
sonsofgod	sons of God
sorcery	sorcery
soul	soul
sow	sow
spear	spear
spirit	spirit
splendor	splendor
staff	staff
statute	statute
stephen	Stephen
stiffnecked	stiff-necked
stone	stone
storehouse	storehouse
strength	strength
strife	strife
strongdrink	strong drink
stronghold	stronghold
stumble	stumble
stumblingblock	stumbling block
subject	subject
submit	submit
suffer	suffer
succoth	Sukkoth
sulfur	sulfur
sweep	sweep
sword	sword
synagogue	synagogue
syria	Syria
tabernacle	tabernacle
tamar	Tamar
tarshish	Tarshish
tarsus	Tarsus
tax	tax
teach	teach
teacher	teacher
temple	temple
tempt	tempt
tencommandments	Ten Commandments
tent	tent
tentofmeeting	tent of meeting
tenth	tenth
terah	Terah
terror	terror
test	test
testimony	testimony
tetrarch	tetrarch
mediterranean	the sea
thetwelve	the twelve
thessalonica	Thessalonica
thief	thief
thomas	Thomas
thorn	thorn
thresh	thresh
threshold	threshold
throne	throne
time	time
timothy	Timothy
tirzah	Tirzah
titus	Titus
tomb	tomb
tongue	tongue
torment	torment
tradition	tradition
trample	trample
transgression	transgress
tremble	tremble
trespass	trespass
trial	trial
tribe	tribe
tribulation	tribulation
tribute	tribute
troas	Troas
trouble	trouble
true	true
trumpet	trumpet
trust	trust
tubal	Tubal
tunic	tunic
turn	turn
12tribesofisrael	twelve tribes of Israel
tychicus	Tychicus
tyre	Tyre
understand	understand
unleavenedbread	unleavened bread
ur	Ur
uriah	Uriah
uzziah	Uzziah
vain	vain
vashti	Vashti
veil	veil
vine	vine
vineyard	vineyard
virgin	virgin
vision	vision
voice	voice
vow	vow
walk	walk
warrior	warrior
waste	waste
watch	watch
biblicaltimewatch	watch (biblical time)
watchtower	watchtower
water	water
biblicaltimeweek	week
well	well
wheat	wheat
willofgod	will of God
wine	wine
winepress	winepress
winnow	winnow
wise	wise
wisemen	wise men
woe	woe
wolf	wolf
womb	womb
word	word
wordofgod	word of God
works	work
world	world
worship	worship
worthy	worthy
wrath	wrath
wrong	wrong
ahasuerus	Xerxes
yahweh	Yahweh
yahwehofhosts	Yahweh of hosts
biblicaltimeyear	year
yeast	yeast
yoke	yoke
zacchaeus	Zacchaeus
zadok	Zadok
zealous	zeal
zebedee	Zebedee
zebulun	Zebulun
zechariahnt	Zechariah (New Testament)
zechariahot	Zechariah (Old Testament)
zedekiah	Zedekiah
zephaniah	Zephaniah
zerubbabel	Zerubbabel
zion	Zion
zoar	Zoar
